CRCL_StopConditionEnumDataType,15001,DataType
CRCL_StopConditionEnumDataType_EnumStrings,15002,Variable
CRCL_AngleUnitEnumDataType,15003,DataType
CRCL_AngleUnitEnumDataType_EnumStrings,15004,Variable
CRCL_ForceUnitEnumDataType,15005,DataType
CRCL_ForceUnitEnumDataType_EnumStrings,15006,Variable
CRCL_FractionDataType,15007,DataType
CRCL_LengthUnitEnumDataType,15008,DataType
CRCL_LengthUnitEnumDataType_EnumStrings,15009,Variable
CRCL_DataThingDataType,15010,DataType
CRCL_PointDataType,15011,DataType
CRCL_VectorDataType,15012,DataType
CRCL_PoseDataType,15013,DataType
CRCL_PositiveDecimalDataType,15014,DataType
CRCL_TorqueUnitEnumDataType,15015,DataType
CRCL_TorqueUnitEnumDataType_EnumStrings,15016,Variable
CRCL_TwistDataType,15017,DataType
CRCL_WrenchDataType,15018,DataType
CRCL_PoseToleranceDataType,15019,DataType
CRCL_ParameterSettingDataType,15020,DataType
CRCL_RotAccelAbsoluteDataType,15021,DataType
CRCL_RotAccelRelativeDataType,15022,DataType
CRCL_RotAccelDataType,15023,DataType
CRCL_RotSpeedAbsoluteDataType,15024,DataType
CRCL_RotSpeedRelativeDataType,15025,DataType
CRCL_RotSpeedDataType,15026,DataType
CRCL_TransAccelAbsoluteDataType,15027,DataType
CRCL_TransAccelRelativeDataType,15028,DataType
CRCL_TransAccelDataType,15029,DataType
CRCL_TransSpeedAbsoluteDataType,15030,DataType
CRCL_TransSpeedRelativeDataType,15031,DataType
CRCL_TransSpeedDataType,15032,DataType
CRCL_ConfigureJointReportDataType,15033,DataType
CRCL_GuardLimitEnumDataType,15034,DataType
CRCL_GuardLimitEnumDataType_EnumStrings,15035,Variable
CRCL_GuardDataType,15036,DataType
CRCL_JointPositionToleranceSettingDataType,15037,DataType
CRCL_JointPositionsTolerancesDataType,15038,DataType
CRCL_PoseAndSetDataType,15039,DataType
CRCLCommandDataType,15040,DataType
MiddleCommandDataType,15041,DataType
EndCanonDataType,15042,DataType
InitCanonDataType,15043,DataType
CRCL_JointDetailsDataType,15044,DataType
CRCL_ActuateJointDataType,15045,DataType
CRCL_JointForceTorqueDataType,15046,DataType
CRCL_JointSpeedAccelDataType,15047,DataType
ActuateJointsDataType,15048,DataType
MoveToDataType,15049,DataType
CloseToolChangerDataType,15050,DataType
DwellDataType,15051,DataType
GetStatusDataType,15052,DataType
MessageDataType,15053,DataType
MoveScrewDataType,15054,DataType
MoveThroughToDataType,15055,DataType
OpenToolChangerDataType,15056,DataType
RunProgramDataType,15057,DataType
SetAngleUnitsDataType,15058,DataType
SetEndeffectorParametersDataType,15059,DataType
SetEndeffectorDataType,15060,DataType
SetEndPoseToleranceDataType,15061,DataType
SetForceUnitsDataType,15062,DataType
SetIntermediatePoseToleranceDataType,15063,DataType
SetLengthUnitsDataType,15064,DataType
SetMotionCoordinationDataType,15065,DataType
SetRobotParametersDataType,15066,DataType
SetTorqueUnitsDataType,15067,DataType
StopMotionDataType,15068,DataType
ConfigureStatusReportDataType,15069,DataType
EnableSensorDataType,15070,DataType
DisableSensorDataType,15071,DataType
EnableGripperDataType,15072,DataType
DisableGripperDataType,15073,DataType
EnableRobotParameterStatusDataType,15074,DataType
DisableRobotParameterStatusDataType,15075,DataType
SetDefaultJointPositionsTolerancesDataType,15076,DataType
SetRotAccelDataType,15077,DataType
SetTransAccelDataType,15078,DataType
SetRotSpeedDataType,15079,DataType
SetTransSpeedDataType,15080,DataType
ConfigureJointReportsDataType,15081,DataType
CRCL_CommandStateEnumDataType,15082,DataType
CRCL_CommandStateEnumDataType_EnumStrings,15083,Variable
CRCL_CommandStatusDataType,15084,DataType
CRCL_SensorStatusDataType,15085,DataType
CRCL_CountSensorStatusDataType,15086,DataType
CRCL_OnOffSensorStatusDataType,15087,DataType
CRCL_ScalarSensorStatusDataType,15088,DataType
CRCL_ForceTorqueSensorStatusDataType,15089,DataType
CRCL_SensorStatusesDataType,15090,DataType
CRCL_GripperStatusDataType,15091,DataType
CRCL_ParallelGripperStatusDataType,15092,DataType
CRCL_ThreeFingerGripperStatusDataType,15093,DataType
CRCL_VacuumGripperStatusDataType,15094,DataType
CRCL_SettingsStatusDataType,15095,DataType
CRCL_PoseStatusDataType,15096,DataType
CRCL_JointLimitDataType,15097,DataType
CRCL_JointStatusDataType,15098,DataType
CRCL_JointStatusesDataType,15099,DataType
CRCLStatusDataType,15100,DataType
PubSubIPAddresses,15101,DataType
SAMYRobotDataType,15102,DataType
CRCLCommandsUnionDataType,15103,DataType
CRCLSkillDataType,15104,DataType
ISkillParameter,15105,ObjectType
ISkillParameter_ReadParameterAtExecutionTime,15106,Variable
CRCLCommandParametersSetDataType,15107,DataType
InitCanonParametersSetDataType,15108,DataType
EndCanonParametersSetDataType,15109,DataType
GetStatusParametersSetDataType,15110,DataType
CloseToolChangerParametersSetDataType,15111,DataType
OpenToolChangerParametersSetDataType,15112,DataType
MessageParametersSetDataType,15113,DataType
MoveToParametersSetDataType,15114,DataType
MoveScrewParametersSetDataType,15115,DataType
MoveThroughToParametersSetDataType,15116,DataType
DwellParametersSetDataType,15117,DataType
ActuateJointsParametersSetDataType,15118,DataType
ConfigureJointReportsParametersSetDataType,15119,DataType
SetDefaultJointPositionsTolerancesParametersSetDataType,15120,DataType
SetRobotParametersParametersSetDataType,15121,DataType
SetEndeffectorParametersParametersSetDataType,15122,DataType
SetEndeffectorParametersSetDataType,15123,DataType
SetTransSpeedParametersSetDataType,15124,DataType
SetTransAccelParametersSetDataType,15125,DataType
SetRotSpeedParametersSetDataType,15126,DataType
SetRotAccelParametersSetDataType,15127,DataType
SetAngleUnitsParametersSetDataType,15128,DataType
SetEndPoseToleranceParametersSetDataType,15129,DataType
SetForceUnitsParametersSetDataType,15130,DataType
SetIntermediatePoseToleranceParametersSetDataType,15131,DataType
SetLengthUnitsParametersSetDataType,15132,DataType
SetMotionCoordinationParametersSetDataType,15133,DataType
SetTorqueUnitsParametersSetDataType,15134,DataType
StopMotionParametersSetDataType,15135,DataType
ConfigureStatusReportParametersSetDataType,15136,DataType
EnableSensorParametersSetDataType,15137,DataType
DisableSensorParametersSetDataType,15138,DataType
EnableGripperParametersSetDataType,15139,DataType
DisableGripperParametersSetDataType,15140,DataType
EnableRobotParameterStatusParametersSetDataType,15141,DataType
DisableRobotParameterStatusParametersSetDataType,15142,DataType
CRCL_FractionDataType_Encoding_DefaultBinary,15143,Object
CRCL_DataThingDataType_Encoding_DefaultBinary,15144,Object
CRCL_PointDataType_Encoding_DefaultBinary,15145,Object
CRCL_VectorDataType_Encoding_DefaultBinary,15146,Object
CRCL_PoseDataType_Encoding_DefaultBinary,15147,Object
CRCL_TwistDataType_Encoding_DefaultBinary,15148,Object
CRCL_WrenchDataType_Encoding_DefaultBinary,15149,Object
CRCL_PoseToleranceDataType_Encoding_DefaultBinary,15150,Object
CRCL_ParameterSettingDataType_Encoding_DefaultBinary,15151,Object
CRCL_RotAccelAbsoluteDataType_Encoding_DefaultBinary,15152,Object
CRCL_RotAccelRelativeDataType_Encoding_DefaultBinary,15153,Object
CRCL_RotAccelDataType_Encoding_DefaultBinary,15154,Object
CRCL_RotSpeedAbsoluteDataType_Encoding_DefaultBinary,15155,Object
CRCL_RotSpeedRelativeDataType_Encoding_DefaultBinary,15156,Object
CRCL_RotSpeedDataType_Encoding_DefaultBinary,15157,Object
CRCL_TransAccelAbsoluteDataType_Encoding_DefaultBinary,15158,Object
CRCL_TransAccelRelativeDataType_Encoding_DefaultBinary,15159,Object
CRCL_TransAccelDataType_Encoding_DefaultBinary,15160,Object
CRCL_TransSpeedAbsoluteDataType_Encoding_DefaultBinary,15161,Object
CRCL_TransSpeedRelativeDataType_Encoding_DefaultBinary,15162,Object
CRCL_TransSpeedDataType_Encoding_DefaultBinary,15163,Object
CRCL_ConfigureJointReportDataType_Encoding_DefaultBinary,15164,Object
CRCL_GuardDataType_Encoding_DefaultBinary,15165,Object
CRCL_JointPositionToleranceSettingDataType_Encoding_DefaultBinary,15166,Object
CRCL_JointPositionsTolerancesDataType_Encoding_DefaultBinary,15167,Object
CRCL_PoseAndSetDataType_Encoding_DefaultBinary,15168,Object
CRCLCommandDataType_Encoding_DefaultBinary,15169,Object
MiddleCommandDataType_Encoding_DefaultBinary,15170,Object
EndCanonDataType_Encoding_DefaultBinary,15171,Object
InitCanonDataType_Encoding_DefaultBinary,15172,Object
CRCL_JointDetailsDataType_Encoding_DefaultBinary,15173,Object
CRCL_ActuateJointDataType_Encoding_DefaultBinary,15174,Object
CRCL_JointForceTorqueDataType_Encoding_DefaultBinary,15175,Object
CRCL_JointSpeedAccelDataType_Encoding_DefaultBinary,15176,Object
ActuateJointsDataType_Encoding_DefaultBinary,15177,Object
MoveToDataType_Encoding_DefaultBinary,15178,Object
CloseToolChangerDataType_Encoding_DefaultBinary,15179,Object
DwellDataType_Encoding_DefaultBinary,15180,Object
GetStatusDataType_Encoding_DefaultBinary,15181,Object
MessageDataType_Encoding_DefaultBinary,15182,Object
MoveScrewDataType_Encoding_DefaultBinary,15183,Object
MoveThroughToDataType_Encoding_DefaultBinary,15184,Object
OpenToolChangerDataType_Encoding_DefaultBinary,15185,Object
RunProgramDataType_Encoding_DefaultBinary,15186,Object
SetAngleUnitsDataType_Encoding_DefaultBinary,15187,Object
SetEndeffectorParametersDataType_Encoding_DefaultBinary,15188,Object
SetEndeffectorDataType_Encoding_DefaultBinary,15189,Object
SetEndPoseToleranceDataType_Encoding_DefaultBinary,15190,Object
SetForceUnitsDataType_Encoding_DefaultBinary,15191,Object
SetIntermediatePoseToleranceDataType_Encoding_DefaultBinary,15192,Object
SetLengthUnitsDataType_Encoding_DefaultBinary,15193,Object
SetMotionCoordinationDataType_Encoding_DefaultBinary,15194,Object
SetRobotParametersDataType_Encoding_DefaultBinary,15195,Object
SetTorqueUnitsDataType_Encoding_DefaultBinary,15196,Object
StopMotionDataType_Encoding_DefaultBinary,15197,Object
ConfigureStatusReportDataType_Encoding_DefaultBinary,15198,Object
EnableSensorDataType_Encoding_DefaultBinary,15199,Object
DisableSensorDataType_Encoding_DefaultBinary,15200,Object
EnableGripperDataType_Encoding_DefaultBinary,15201,Object
DisableGripperDataType_Encoding_DefaultBinary,15202,Object
EnableRobotParameterStatusDataType_Encoding_DefaultBinary,15203,Object
DisableRobotParameterStatusDataType_Encoding_DefaultBinary,15204,Object
SetDefaultJointPositionsTolerancesDataType_Encoding_DefaultBinary,15205,Object
SetRotAccelDataType_Encoding_DefaultBinary,15206,Object
SetTransAccelDataType_Encoding_DefaultBinary,15207,Object
SetRotSpeedDataType_Encoding_DefaultBinary,15208,Object
SetTransSpeedDataType_Encoding_DefaultBinary,15209,Object
ConfigureJointReportsDataType_Encoding_DefaultBinary,15210,Object
CRCL_CommandStatusDataType_Encoding_DefaultBinary,15211,Object
CRCL_SensorStatusDataType_Encoding_DefaultBinary,15212,Object
CRCL_CountSensorStatusDataType_Encoding_DefaultBinary,15213,Object
CRCL_OnOffSensorStatusDataType_Encoding_DefaultBinary,15214,Object
CRCL_ScalarSensorStatusDataType_Encoding_DefaultBinary,15215,Object
CRCL_ForceTorqueSensorStatusDataType_Encoding_DefaultBinary,15216,Object
CRCL_SensorStatusesDataType_Encoding_DefaultBinary,15217,Object
CRCL_GripperStatusDataType_Encoding_DefaultBinary,15218,Object
CRCL_ParallelGripperStatusDataType_Encoding_DefaultBinary,15219,Object
CRCL_ThreeFingerGripperStatusDataType_Encoding_DefaultBinary,15220,Object
CRCL_VacuumGripperStatusDataType_Encoding_DefaultBinary,15221,Object
CRCL_SettingsStatusDataType_Encoding_DefaultBinary,15222,Object
CRCL_PoseStatusDataType_Encoding_DefaultBinary,15223,Object
CRCL_JointLimitDataType_Encoding_DefaultBinary,15224,Object
CRCL_JointStatusDataType_Encoding_DefaultBinary,15225,Object
CRCL_JointStatusesDataType_Encoding_DefaultBinary,15226,Object
CRCLStatusDataType_Encoding_DefaultBinary,15227,Object
PubSubIPAddresses_Encoding_DefaultBinary,15228,Object
SAMYRobotDataType_Encoding_DefaultBinary,15229,Object
CRCLCommandsUnionDataType_Encoding_DefaultBinary,15230,Object
CRCLSkillDataType_Encoding_DefaultBinary,15231,Object
CRCLCommandParametersSetDataType_Encoding_DefaultBinary,15232,Object
InitCanonParametersSetDataType_Encoding_DefaultBinary,15233,Object
EndCanonParametersSetDataType_Encoding_DefaultBinary,15234,Object
GetStatusParametersSetDataType_Encoding_DefaultBinary,15235,Object
CloseToolChangerParametersSetDataType_Encoding_DefaultBinary,15236,Object
OpenToolChangerParametersSetDataType_Encoding_DefaultBinary,15237,Object
MessageParametersSetDataType_Encoding_DefaultBinary,15238,Object
MoveToParametersSetDataType_Encoding_DefaultBinary,15239,Object
MoveScrewParametersSetDataType_Encoding_DefaultBinary,15240,Object
MoveThroughToParametersSetDataType_Encoding_DefaultBinary,15241,Object
DwellParametersSetDataType_Encoding_DefaultBinary,15242,Object
ActuateJointsParametersSetDataType_Encoding_DefaultBinary,15243,Object
ConfigureJointReportsParametersSetDataType_Encoding_DefaultBinary,15244,Object
SetDefaultJointPositionsTolerancesParametersSetDataType_Encoding_DefaultBinary,15245,Object
SetRobotParametersParametersSetDataType_Encoding_DefaultBinary,15246,Object
SetEndeffectorParametersParametersSetDataType_Encoding_DefaultBinary,15247,Object
SetEndeffectorParametersSetDataType_Encoding_DefaultBinary,15248,Object
SetTransSpeedParametersSetDataType_Encoding_DefaultBinary,15249,Object
SetTransAccelParametersSetDataType_Encoding_DefaultBinary,15250,Object
SetRotSpeedParametersSetDataType_Encoding_DefaultBinary,15251,Object
SetRotAccelParametersSetDataType_Encoding_DefaultBinary,15252,Object
SetAngleUnitsParametersSetDataType_Encoding_DefaultBinary,15253,Object
SetEndPoseToleranceParametersSetDataType_Encoding_DefaultBinary,15254,Object
SetForceUnitsParametersSetDataType_Encoding_DefaultBinary,15255,Object
SetIntermediatePoseToleranceParametersSetDataType_Encoding_DefaultBinary,15256,Object
SetLengthUnitsParametersSetDataType_Encoding_DefaultBinary,15257,Object
SetMotionCoordinationParametersSetDataType_Encoding_DefaultBinary,15258,Object
SetTorqueUnitsParametersSetDataType_Encoding_DefaultBinary,15259,Object
StopMotionParametersSetDataType_Encoding_DefaultBinary,15260,Object
ConfigureStatusReportParametersSetDataType_Encoding_DefaultBinary,15261,Object
EnableSensorParametersSetDataType_Encoding_DefaultBinary,15262,Object
DisableSensorParametersSetDataType_Encoding_DefaultBinary,15263,Object
EnableGripperParametersSetDataType_Encoding_DefaultBinary,15264,Object
DisableGripperParametersSetDataType_Encoding_DefaultBinary,15265,Object
EnableRobotParameterStatusParametersSetDataType_Encoding_DefaultBinary,15266,Object
DisableRobotParameterStatusParametersSetDataType_Encoding_DefaultBinary,15267,Object
CRCL_BinarySchema,15268,Variable
CRCL_BinarySchema_DataTypeVersion,15269,Variable
CRCL_BinarySchema_NamespaceUri,15270,Variable
CRCL_BinarySchema_Deprecated,15271,Variable
CRCL_BinarySchema_CRCL_FractionDataType,15272,Variable
CRCL_BinarySchema_CRCL_FractionDataType_DataTypeVersion,15273,Variable
CRCL_BinarySchema_CRCL_FractionDataType_DictionaryFragment,15274,Variable
CRCL_BinarySchema_CRCL_DataThingDataType,15275,Variable
CRCL_BinarySchema_CRCL_DataThingDataType_DataTypeVersion,15276,Variable
CRCL_BinarySchema_CRCL_DataThingDataType_DictionaryFragment,15277,Variable
CRCL_BinarySchema_CRCL_PointDataType,15278,Variable
CRCL_BinarySchema_CRCL_PointDataType_DataTypeVersion,15279,Variable
CRCL_BinarySchema_CRCL_PointDataType_DictionaryFragment,15280,Variable
CRCL_BinarySchema_CRCL_VectorDataType,15281,Variable
CRCL_BinarySchema_CRCL_VectorDataType_DataTypeVersion,15282,Variable
CRCL_BinarySchema_CRCL_VectorDataType_DictionaryFragment,15283,Variable
CRCL_BinarySchema_CRCL_PoseDataType,15284,Variable
CRCL_BinarySchema_CRCL_PoseDataType_DataTypeVersion,15285,Variable
CRCL_BinarySchema_CRCL_PoseDataType_DictionaryFragment,15286,Variable
CRCL_BinarySchema_CRCL_TwistDataType,15287,Variable
CRCL_BinarySchema_CRCL_TwistDataType_DataTypeVersion,15288,Variable
CRCL_BinarySchema_CRCL_TwistDataType_DictionaryFragment,15289,Variable
CRCL_BinarySchema_CRCL_WrenchDataType,15290,Variable
CRCL_BinarySchema_CRCL_WrenchDataType_DataTypeVersion,15291,Variable
CRCL_BinarySchema_CRCL_WrenchDataType_DictionaryFragment,15292,Variable
CRCL_BinarySchema_CRCL_PoseToleranceDataType,15293,Variable
CRCL_BinarySchema_CRCL_PoseToleranceDataType_DataTypeVersion,15294,Variable
CRCL_BinarySchema_CRCL_PoseToleranceDataType_DictionaryFragment,15295,Variable
CRCL_BinarySchema_CRCL_ParameterSettingDataType,15296,Variable
CRCL_BinarySchema_CRCL_ParameterSettingDataType_DataTypeVersion,15297,Variable
CRCL_BinarySchema_CRCL_ParameterSettingDataType_DictionaryFragment,15298,Variable
CRCL_BinarySchema_CRCL_RotAccelAbsoluteDataType,15299,Variable
CRCL_BinarySchema_CRCL_RotAccelAbsoluteDataType_DataTypeVersion,15300,Variable
CRCL_BinarySchema_CRCL_RotAccelAbsoluteDataType_DictionaryFragment,15301,Variable
CRCL_BinarySchema_CRCL_RotAccelRelativeDataType,15302,Variable
CRCL_BinarySchema_CRCL_RotAccelRelativeDataType_DataTypeVersion,15303,Variable
CRCL_BinarySchema_CRCL_RotAccelRelativeDataType_DictionaryFragment,15304,Variable
CRCL_BinarySchema_CRCL_RotAccelDataType,15305,Variable
CRCL_BinarySchema_CRCL_RotAccelDataType_DataTypeVersion,15306,Variable
CRCL_BinarySchema_CRCL_RotAccelDataType_DictionaryFragment,15307,Variable
CRCL_BinarySchema_CRCL_RotSpeedAbsoluteDataType,15308,Variable
CRCL_BinarySchema_CRCL_RotSpeedAbsoluteDataType_DataTypeVersion,15309,Variable
CRCL_BinarySchema_CRCL_RotSpeedAbsoluteDataType_DictionaryFragment,15310,Variable
CRCL_BinarySchema_CRCL_RotSpeedRelativeDataType,15311,Variable
CRCL_BinarySchema_CRCL_RotSpeedRelativeDataType_DataTypeVersion,15312,Variable
CRCL_BinarySchema_CRCL_RotSpeedRelativeDataType_DictionaryFragment,15313,Variable
CRCL_BinarySchema_CRCL_RotSpeedDataType,15314,Variable
CRCL_BinarySchema_CRCL_RotSpeedDataType_DataTypeVersion,15315,Variable
CRCL_BinarySchema_CRCL_RotSpeedDataType_DictionaryFragment,15316,Variable
CRCL_BinarySchema_CRCL_TransAccelAbsoluteDataType,15317,Variable
CRCL_BinarySchema_CRCL_TransAccelAbsoluteDataType_DataTypeVersion,15318,Variable
CRCL_BinarySchema_CRCL_TransAccelAbsoluteDataType_DictionaryFragment,15319,Variable
CRCL_BinarySchema_CRCL_TransAccelRelativeDataType,15320,Variable
CRCL_BinarySchema_CRCL_TransAccelRelativeDataType_DataTypeVersion,15321,Variable
CRCL_BinarySchema_CRCL_TransAccelRelativeDataType_DictionaryFragment,15322,Variable
CRCL_BinarySchema_CRCL_TransAccelDataType,15323,Variable
CRCL_BinarySchema_CRCL_TransAccelDataType_DataTypeVersion,15324,Variable
CRCL_BinarySchema_CRCL_TransAccelDataType_DictionaryFragment,15325,Variable
CRCL_BinarySchema_CRCL_TransSpeedAbsoluteDataType,15326,Variable
CRCL_BinarySchema_CRCL_TransSpeedAbsoluteDataType_DataTypeVersion,15327,Variable
CRCL_BinarySchema_CRCL_TransSpeedAbsoluteDataType_DictionaryFragment,15328,Variable
CRCL_BinarySchema_CRCL_TransSpeedRelativeDataType,15329,Variable
CRCL_BinarySchema_CRCL_TransSpeedRelativeDataType_DataTypeVersion,15330,Variable
CRCL_BinarySchema_CRCL_TransSpeedRelativeDataType_DictionaryFragment,15331,Variable
CRCL_BinarySchema_CRCL_TransSpeedDataType,15332,Variable
CRCL_BinarySchema_CRCL_TransSpeedDataType_DataTypeVersion,15333,Variable
CRCL_BinarySchema_CRCL_TransSpeedDataType_DictionaryFragment,15334,Variable
CRCL_BinarySchema_CRCL_ConfigureJointReportDataType,15335,Variable
CRCL_BinarySchema_CRCL_ConfigureJointReportDataType_DataTypeVersion,15336,Variable
CRCL_BinarySchema_CRCL_ConfigureJointReportDataType_DictionaryFragment,15337,Variable
CRCL_BinarySchema_CRCL_GuardDataType,15338,Variable
CRCL_BinarySchema_CRCL_GuardDataType_DataTypeVersion,15339,Variable
CRCL_BinarySchema_CRCL_GuardDataType_DictionaryFragment,15340,Variable
CRCL_BinarySchema_CRCL_JointPositionToleranceSettingDataType,15341,Variable
CRCL_BinarySchema_CRCL_JointPositionToleranceSettingDataType_DataTypeVersion,15342,Variable
CRCL_BinarySchema_CRCL_JointPositionToleranceSettingDataType_DictionaryFragment,15343,Variable
CRCL_BinarySchema_CRCL_JointPositionsTolerancesDataType,15344,Variable
CRCL_BinarySchema_CRCL_JointPositionsTolerancesDataType_DataTypeVersion,15345,Variable
CRCL_BinarySchema_CRCL_JointPositionsTolerancesDataType_DictionaryFragment,15346,Variable
CRCL_BinarySchema_CRCL_PoseAndSetDataType,15347,Variable
CRCL_BinarySchema_CRCL_PoseAndSetDataType_DataTypeVersion,15348,Variable
CRCL_BinarySchema_CRCL_PoseAndSetDataType_DictionaryFragment,15349,Variable
CRCL_BinarySchema_CRCLCommandDataType,15350,Variable
CRCL_BinarySchema_CRCLCommandDataType_DataTypeVersion,15351,Variable
CRCL_BinarySchema_CRCLCommandDataType_DictionaryFragment,15352,Variable
CRCL_BinarySchema_MiddleCommandDataType,15353,Variable
CRCL_BinarySchema_MiddleCommandDataType_DataTypeVersion,15354,Variable
CRCL_BinarySchema_MiddleCommandDataType_DictionaryFragment,15355,Variable
CRCL_BinarySchema_EndCanonDataType,15356,Variable
CRCL_BinarySchema_EndCanonDataType_DataTypeVersion,15357,Variable
CRCL_BinarySchema_EndCanonDataType_DictionaryFragment,15358,Variable
CRCL_BinarySchema_InitCanonDataType,15359,Variable
CRCL_BinarySchema_InitCanonDataType_DataTypeVersion,15360,Variable
CRCL_BinarySchema_InitCanonDataType_DictionaryFragment,15361,Variable
CRCL_BinarySchema_CRCL_JointDetailsDataType,15362,Variable
CRCL_BinarySchema_CRCL_JointDetailsDataType_DataTypeVersion,15363,Variable
CRCL_BinarySchema_CRCL_JointDetailsDataType_DictionaryFragment,15364,Variable
CRCL_BinarySchema_CRCL_ActuateJointDataType,15365,Variable
CRCL_BinarySchema_CRCL_ActuateJointDataType_DataTypeVersion,15366,Variable
CRCL_BinarySchema_CRCL_ActuateJointDataType_DictionaryFragment,15367,Variable
CRCL_BinarySchema_CRCL_JointForceTorqueDataType,15368,Variable
CRCL_BinarySchema_CRCL_JointForceTorqueDataType_DataTypeVersion,15369,Variable
CRCL_BinarySchema_CRCL_JointForceTorqueDataType_DictionaryFragment,15370,Variable
CRCL_BinarySchema_CRCL_JointSpeedAccelDataType,15371,Variable
CRCL_BinarySchema_CRCL_JointSpeedAccelDataType_DataTypeVersion,15372,Variable
CRCL_BinarySchema_CRCL_JointSpeedAccelDataType_DictionaryFragment,15373,Variable
CRCL_BinarySchema_ActuateJointsDataType,15374,Variable
CRCL_BinarySchema_ActuateJointsDataType_DataTypeVersion,15375,Variable
CRCL_BinarySchema_ActuateJointsDataType_DictionaryFragment,15376,Variable
CRCL_BinarySchema_MoveToDataType,15377,Variable
CRCL_BinarySchema_MoveToDataType_DataTypeVersion,15378,Variable
CRCL_BinarySchema_MoveToDataType_DictionaryFragment,15379,Variable
CRCL_BinarySchema_CloseToolChangerDataType,15380,Variable
CRCL_BinarySchema_CloseToolChangerDataType_DataTypeVersion,15381,Variable
CRCL_BinarySchema_CloseToolChangerDataType_DictionaryFragment,15382,Variable
CRCL_BinarySchema_DwellDataType,15383,Variable
CRCL_BinarySchema_DwellDataType_DataTypeVersion,15384,Variable
CRCL_BinarySchema_DwellDataType_DictionaryFragment,15385,Variable
CRCL_BinarySchema_GetStatusDataType,15386,Variable
CRCL_BinarySchema_GetStatusDataType_DataTypeVersion,15387,Variable
CRCL_BinarySchema_GetStatusDataType_DictionaryFragment,15388,Variable
CRCL_BinarySchema_MessageDataType,15389,Variable
CRCL_BinarySchema_MessageDataType_DataTypeVersion,15390,Variable
CRCL_BinarySchema_MessageDataType_DictionaryFragment,15391,Variable
CRCL_BinarySchema_MoveScrewDataType,15392,Variable
CRCL_BinarySchema_MoveScrewDataType_DataTypeVersion,15393,Variable
CRCL_BinarySchema_MoveScrewDataType_DictionaryFragment,15394,Variable
CRCL_BinarySchema_MoveThroughToDataType,15395,Variable
CRCL_BinarySchema_MoveThroughToDataType_DataTypeVersion,15396,Variable
CRCL_BinarySchema_MoveThroughToDataType_DictionaryFragment,15397,Variable
CRCL_BinarySchema_OpenToolChangerDataType,15398,Variable
CRCL_BinarySchema_OpenToolChangerDataType_DataTypeVersion,15399,Variable
CRCL_BinarySchema_OpenToolChangerDataType_DictionaryFragment,15400,Variable
CRCL_BinarySchema_RunProgramDataType,15401,Variable
CRCL_BinarySchema_RunProgramDataType_DataTypeVersion,15402,Variable
CRCL_BinarySchema_RunProgramDataType_DictionaryFragment,15403,Variable
CRCL_BinarySchema_SetAngleUnitsDataType,15404,Variable
CRCL_BinarySchema_SetAngleUnitsDataType_DataTypeVersion,15405,Variable
CRCL_BinarySchema_SetAngleUnitsDataType_DictionaryFragment,15406,Variable
CRCL_BinarySchema_SetEndeffectorParametersDataType,15407,Variable
CRCL_BinarySchema_SetEndeffectorParametersDataType_DataTypeVersion,15408,Variable
CRCL_BinarySchema_SetEndeffectorParametersDataType_DictionaryFragment,15409,Variable
CRCL_BinarySchema_SetEndeffectorDataType,15410,Variable
CRCL_BinarySchema_SetEndeffectorDataType_DataTypeVersion,15411,Variable
CRCL_BinarySchema_SetEndeffectorDataType_DictionaryFragment,15412,Variable
CRCL_BinarySchema_SetEndPoseToleranceDataType,15413,Variable
CRCL_BinarySchema_SetEndPoseToleranceDataType_DataTypeVersion,15414,Variable
CRCL_BinarySchema_SetEndPoseToleranceDataType_DictionaryFragment,15415,Variable
CRCL_BinarySchema_SetForceUnitsDataType,15416,Variable
CRCL_BinarySchema_SetForceUnitsDataType_DataTypeVersion,15417,Variable
CRCL_BinarySchema_SetForceUnitsDataType_DictionaryFragment,15418,Variable
CRCL_BinarySchema_SetIntermediatePoseToleranceDataType,15419,Variable
CRCL_BinarySchema_SetIntermediatePoseToleranceDataType_DataTypeVersion,15420,Variable
CRCL_BinarySchema_SetIntermediatePoseToleranceDataType_DictionaryFragment,15421,Variable
CRCL_BinarySchema_SetLengthUnitsDataType,15422,Variable
CRCL_BinarySchema_SetLengthUnitsDataType_DataTypeVersion,15423,Variable
CRCL_BinarySchema_SetLengthUnitsDataType_DictionaryFragment,15424,Variable
CRCL_BinarySchema_SetMotionCoordinationDataType,15425,Variable
CRCL_BinarySchema_SetMotionCoordinationDataType_DataTypeVersion,15426,Variable
CRCL_BinarySchema_SetMotionCoordinationDataType_DictionaryFragment,15427,Variable
CRCL_BinarySchema_SetRobotParametersDataType,15428,Variable
CRCL_BinarySchema_SetRobotParametersDataType_DataTypeVersion,15429,Variable
CRCL_BinarySchema_SetRobotParametersDataType_DictionaryFragment,15430,Variable
CRCL_BinarySchema_SetTorqueUnitsDataType,15431,Variable
CRCL_BinarySchema_SetTorqueUnitsDataType_DataTypeVersion,15432,Variable
CRCL_BinarySchema_SetTorqueUnitsDataType_DictionaryFragment,15433,Variable
CRCL_BinarySchema_StopMotionDataType,15434,Variable
CRCL_BinarySchema_StopMotionDataType_DataTypeVersion,15435,Variable
CRCL_BinarySchema_StopMotionDataType_DictionaryFragment,15436,Variable
CRCL_BinarySchema_ConfigureStatusReportDataType,15437,Variable
CRCL_BinarySchema_ConfigureStatusReportDataType_DataTypeVersion,15438,Variable
CRCL_BinarySchema_ConfigureStatusReportDataType_DictionaryFragment,15439,Variable
CRCL_BinarySchema_EnableSensorDataType,15440,Variable
CRCL_BinarySchema_EnableSensorDataType_DataTypeVersion,15441,Variable
CRCL_BinarySchema_EnableSensorDataType_DictionaryFragment,15442,Variable
CRCL_BinarySchema_DisableSensorDataType,15443,Variable
CRCL_BinarySchema_DisableSensorDataType_DataTypeVersion,15444,Variable
CRCL_BinarySchema_DisableSensorDataType_DictionaryFragment,15445,Variable
CRCL_BinarySchema_EnableGripperDataType,15446,Variable
CRCL_BinarySchema_EnableGripperDataType_DataTypeVersion,15447,Variable
CRCL_BinarySchema_EnableGripperDataType_DictionaryFragment,15448,Variable
CRCL_BinarySchema_DisableGripperDataType,15449,Variable
CRCL_BinarySchema_DisableGripperDataType_DataTypeVersion,15450,Variable
CRCL_BinarySchema_DisableGripperDataType_DictionaryFragment,15451,Variable
CRCL_BinarySchema_EnableRobotParameterStatusDataType,15452,Variable
CRCL_BinarySchema_EnableRobotParameterStatusDataType_DataTypeVersion,15453,Variable
CRCL_BinarySchema_EnableRobotParameterStatusDataType_DictionaryFragment,15454,Variable
CRCL_BinarySchema_DisableRobotParameterStatusDataType,15455,Variable
CRCL_BinarySchema_DisableRobotParameterStatusDataType_DataTypeVersion,15456,Variable
CRCL_BinarySchema_DisableRobotParameterStatusDataType_DictionaryFragment,15457,Variable
CRCL_BinarySchema_SetDefaultJointPositionsTolerancesDataType,15458,Variable
CRCL_BinarySchema_SetDefaultJointPositionsTolerancesDataType_DataTypeVersion,15459,Variable
CRCL_BinarySchema_SetDefaultJointPositionsTolerancesDataType_DictionaryFragment,15460,Variable
CRCL_BinarySchema_SetRotAccelDataType,15461,Variable
CRCL_BinarySchema_SetRotAccelDataType_DataTypeVersion,15462,Variable
CRCL_BinarySchema_SetRotAccelDataType_DictionaryFragment,15463,Variable
CRCL_BinarySchema_SetTransAccelDataType,15464,Variable
CRCL_BinarySchema_SetTransAccelDataType_DataTypeVersion,15465,Variable
CRCL_BinarySchema_SetTransAccelDataType_DictionaryFragment,15466,Variable
CRCL_BinarySchema_SetRotSpeedDataType,15467,Variable
CRCL_BinarySchema_SetRotSpeedDataType_DataTypeVersion,15468,Variable
CRCL_BinarySchema_SetRotSpeedDataType_DictionaryFragment,15469,Variable
CRCL_BinarySchema_SetTransSpeedDataType,15470,Variable
CRCL_BinarySchema_SetTransSpeedDataType_DataTypeVersion,15471,Variable
CRCL_BinarySchema_SetTransSpeedDataType_DictionaryFragment,15472,Variable
CRCL_BinarySchema_ConfigureJointReportsDataType,15473,Variable
CRCL_BinarySchema_ConfigureJointReportsDataType_DataTypeVersion,15474,Variable
CRCL_BinarySchema_ConfigureJointReportsDataType_DictionaryFragment,15475,Variable
CRCL_BinarySchema_CRCL_CommandStatusDataType,15476,Variable
CRCL_BinarySchema_CRCL_CommandStatusDataType_DataTypeVersion,15477,Variable
CRCL_BinarySchema_CRCL_CommandStatusDataType_DictionaryFragment,15478,Variable
CRCL_BinarySchema_CRCL_SensorStatusDataType,15479,Variable
CRCL_BinarySchema_CRCL_SensorStatusDataType_DataTypeVersion,15480,Variable
CRCL_BinarySchema_CRCL_SensorStatusDataType_DictionaryFragment,15481,Variable
CRCL_BinarySchema_CRCL_CountSensorStatusDataType,15482,Variable
CRCL_BinarySchema_CRCL_CountSensorStatusDataType_DataTypeVersion,15483,Variable
CRCL_BinarySchema_CRCL_CountSensorStatusDataType_DictionaryFragment,15484,Variable
CRCL_BinarySchema_CRCL_OnOffSensorStatusDataType,15485,Variable
CRCL_BinarySchema_CRCL_OnOffSensorStatusDataType_DataTypeVersion,15486,Variable
CRCL_BinarySchema_CRCL_OnOffSensorStatusDataType_DictionaryFragment,15487,Variable
CRCL_BinarySchema_CRCL_ScalarSensorStatusDataType,15488,Variable
CRCL_BinarySchema_CRCL_ScalarSensorStatusDataType_DataTypeVersion,15489,Variable
CRCL_BinarySchema_CRCL_ScalarSensorStatusDataType_DictionaryFragment,15490,Variable
CRCL_BinarySchema_CRCL_ForceTorqueSensorStatusDataType,15491,Variable
CRCL_BinarySchema_CRCL_ForceTorqueSensorStatusDataType_DataTypeVersion,15492,Variable
CRCL_BinarySchema_CRCL_ForceTorqueSensorStatusDataType_DictionaryFragment,15493,Variable
CRCL_BinarySchema_CRCL_SensorStatusesDataType,15494,Variable
CRCL_BinarySchema_CRCL_SensorStatusesDataType_DataTypeVersion,15495,Variable
CRCL_BinarySchema_CRCL_SensorStatusesDataType_DictionaryFragment,15496,Variable
CRCL_BinarySchema_CRCL_GripperStatusDataType,15497,Variable
CRCL_BinarySchema_CRCL_GripperStatusDataType_DataTypeVersion,15498,Variable
CRCL_BinarySchema_CRCL_GripperStatusDataType_DictionaryFragment,15499,Variable
CRCL_BinarySchema_CRCL_ParallelGripperStatusDataType,15500,Variable
CRCL_BinarySchema_CRCL_ParallelGripperStatusDataType_DataTypeVersion,15501,Variable
CRCL_BinarySchema_CRCL_ParallelGripperStatusDataType_DictionaryFragment,15502,Variable
CRCL_BinarySchema_CRCL_ThreeFingerGripperStatusDataType,15503,Variable
CRCL_BinarySchema_CRCL_ThreeFingerGripperStatusDataType_DataTypeVersion,15504,Variable
CRCL_BinarySchema_CRCL_ThreeFingerGripperStatusDataType_DictionaryFragment,15505,Variable
CRCL_BinarySchema_CRCL_VacuumGripperStatusDataType,15506,Variable
CRCL_BinarySchema_CRCL_VacuumGripperStatusDataType_DataTypeVersion,15507,Variable
CRCL_BinarySchema_CRCL_VacuumGripperStatusDataType_DictionaryFragment,15508,Variable
CRCL_BinarySchema_CRCL_SettingsStatusDataType,15509,Variable
CRCL_BinarySchema_CRCL_SettingsStatusDataType_DataTypeVersion,15510,Variable
CRCL_BinarySchema_CRCL_SettingsStatusDataType_DictionaryFragment,15511,Variable
CRCL_BinarySchema_CRCL_PoseStatusDataType,15512,Variable
CRCL_BinarySchema_CRCL_PoseStatusDataType_DataTypeVersion,15513,Variable
CRCL_BinarySchema_CRCL_PoseStatusDataType_DictionaryFragment,15514,Variable
CRCL_BinarySchema_CRCL_JointLimitDataType,15515,Variable
CRCL_BinarySchema_CRCL_JointLimitDataType_DataTypeVersion,15516,Variable
CRCL_BinarySchema_CRCL_JointLimitDataType_DictionaryFragment,15517,Variable
CRCL_BinarySchema_CRCL_JointStatusDataType,15518,Variable
CRCL_BinarySchema_CRCL_JointStatusDataType_DataTypeVersion,15519,Variable
CRCL_BinarySchema_CRCL_JointStatusDataType_DictionaryFragment,15520,Variable
CRCL_BinarySchema_CRCL_JointStatusesDataType,15521,Variable
CRCL_BinarySchema_CRCL_JointStatusesDataType_DataTypeVersion,15522,Variable
CRCL_BinarySchema_CRCL_JointStatusesDataType_DictionaryFragment,15523,Variable
CRCL_BinarySchema_CRCLStatusDataType,15524,Variable
CRCL_BinarySchema_CRCLStatusDataType_DataTypeVersion,15525,Variable
CRCL_BinarySchema_CRCLStatusDataType_DictionaryFragment,15526,Variable
CRCL_BinarySchema_PubSubIPAddresses,15527,Variable
CRCL_BinarySchema_PubSubIPAddresses_DataTypeVersion,15528,Variable
CRCL_BinarySchema_PubSubIPAddresses_DictionaryFragment,15529,Variable
CRCL_BinarySchema_SAMYRobotDataType,15530,Variable
CRCL_BinarySchema_SAMYRobotDataType_DataTypeVersion,15531,Variable
CRCL_BinarySchema_SAMYRobotDataType_DictionaryFragment,15532,Variable
CRCL_BinarySchema_CRCLCommandsUnionDataType,15533,Variable
CRCL_BinarySchema_CRCLCommandsUnionDataType_DataTypeVersion,15534,Variable
CRCL_BinarySchema_CRCLCommandsUnionDataType_DictionaryFragment,15535,Variable
CRCL_BinarySchema_CRCLSkillDataType,15536,Variable
CRCL_BinarySchema_CRCLSkillDataType_DataTypeVersion,15537,Variable
CRCL_BinarySchema_CRCLSkillDataType_DictionaryFragment,15538,Variable
CRCL_BinarySchema_CRCLCommandParametersSetDataType,15539,Variable
CRCL_BinarySchema_CRCLCommandParametersSetDataType_DataTypeVersion,15540,Variable
CRCL_BinarySchema_CRCLCommandParametersSetDataType_DictionaryFragment,15541,Variable
CRCL_BinarySchema_InitCanonParametersSetDataType,15542,Variable
CRCL_BinarySchema_InitCanonParametersSetDataType_DataTypeVersion,15543,Variable
CRCL_BinarySchema_InitCanonParametersSetDataType_DictionaryFragment,15544,Variable
CRCL_BinarySchema_EndCanonParametersSetDataType,15545,Variable
CRCL_BinarySchema_EndCanonParametersSetDataType_DataTypeVersion,15546,Variable
CRCL_BinarySchema_EndCanonParametersSetDataType_DictionaryFragment,15547,Variable
CRCL_BinarySchema_GetStatusParametersSetDataType,15548,Variable
CRCL_BinarySchema_GetStatusParametersSetDataType_DataTypeVersion,15549,Variable
CRCL_BinarySchema_GetStatusParametersSetDataType_DictionaryFragment,15550,Variable
CRCL_BinarySchema_CloseToolChangerParametersSetDataType,15551,Variable
CRCL_BinarySchema_CloseToolChangerParametersSetDataType_DataTypeVersion,15552,Variable
CRCL_BinarySchema_CloseToolChangerParametersSetDataType_DictionaryFragment,15553,Variable
CRCL_BinarySchema_OpenToolChangerParametersSetDataType,15554,Variable
CRCL_BinarySchema_OpenToolChangerParametersSetDataType_DataTypeVersion,15555,Variable
CRCL_BinarySchema_OpenToolChangerParametersSetDataType_DictionaryFragment,15556,Variable
CRCL_BinarySchema_MessageParametersSetDataType,15557,Variable
CRCL_BinarySchema_MessageParametersSetDataType_DataTypeVersion,15558,Variable
CRCL_BinarySchema_MessageParametersSetDataType_DictionaryFragment,15559,Variable
CRCL_BinarySchema_MoveToParametersSetDataType,15560,Variable
CRCL_BinarySchema_MoveToParametersSetDataType_DataTypeVersion,15561,Variable
CRCL_BinarySchema_MoveToParametersSetDataType_DictionaryFragment,15562,Variable
CRCL_BinarySchema_MoveScrewParametersSetDataType,15563,Variable
CRCL_BinarySchema_MoveScrewParametersSetDataType_DataTypeVersion,15564,Variable
CRCL_BinarySchema_MoveScrewParametersSetDataType_DictionaryFragment,15565,Variable
CRCL_BinarySchema_MoveThroughToParametersSetDataType,15566,Variable
CRCL_BinarySchema_MoveThroughToParametersSetDataType_DataTypeVersion,15567,Variable
CRCL_BinarySchema_MoveThroughToParametersSetDataType_DictionaryFragment,15568,Variable
CRCL_BinarySchema_DwellParametersSetDataType,15569,Variable
CRCL_BinarySchema_DwellParametersSetDataType_DataTypeVersion,15570,Variable
CRCL_BinarySchema_DwellParametersSetDataType_DictionaryFragment,15571,Variable
CRCL_BinarySchema_ActuateJointsParametersSetDataType,15572,Variable
CRCL_BinarySchema_ActuateJointsParametersSetDataType_DataTypeVersion,15573,Variable
CRCL_BinarySchema_ActuateJointsParametersSetDataType_DictionaryFragment,15574,Variable
CRCL_BinarySchema_ConfigureJointReportsParametersSetDataType,15575,Variable
CRCL_BinarySchema_ConfigureJointReportsParametersSetDataType_DataTypeVersion,15576,Variable
CRCL_BinarySchema_ConfigureJointReportsParametersSetDataType_DictionaryFragment,15577,Variable
CRCL_BinarySchema_SetDefaultJointPositionsTolerancesParametersSetDataType,15578,Variable
CRCL_BinarySchema_SetDefaultJointPositionsTolerancesParametersSetDataType_DataTypeVersion,15579,Variable
CRCL_BinarySchema_SetDefaultJointPositionsTolerancesParametersSetDataType_DictionaryFragment,15580,Variable
CRCL_BinarySchema_SetRobotParametersParametersSetDataType,15581,Variable
CRCL_BinarySchema_SetRobotParametersParametersSetDataType_DataTypeVersion,15582,Variable
CRCL_BinarySchema_SetRobotParametersParametersSetDataType_DictionaryFragment,15583,Variable
CRCL_BinarySchema_SetEndeffectorParametersParametersSetDataType,15584,Variable
CRCL_BinarySchema_SetEndeffectorParametersParametersSetDataType_DataTypeVersion,15585,Variable
CRCL_BinarySchema_SetEndeffectorParametersParametersSetDataType_DictionaryFragment,15586,Variable
CRCL_BinarySchema_SetEndeffectorParametersSetDataType,15587,Variable
CRCL_BinarySchema_SetEndeffectorParametersSetDataType_DataTypeVersion,15588,Variable
CRCL_BinarySchema_SetEndeffectorParametersSetDataType_DictionaryFragment,15589,Variable
CRCL_BinarySchema_SetTransSpeedParametersSetDataType,15590,Variable
CRCL_BinarySchema_SetTransSpeedParametersSetDataType_DataTypeVersion,15591,Variable
CRCL_BinarySchema_SetTransSpeedParametersSetDataType_DictionaryFragment,15592,Variable
CRCL_BinarySchema_SetTransAccelParametersSetDataType,15593,Variable
CRCL_BinarySchema_SetTransAccelParametersSetDataType_DataTypeVersion,15594,Variable
CRCL_BinarySchema_SetTransAccelParametersSetDataType_DictionaryFragment,15595,Variable
CRCL_BinarySchema_SetRotSpeedParametersSetDataType,15596,Variable
CRCL_BinarySchema_SetRotSpeedParametersSetDataType_DataTypeVersion,15597,Variable
CRCL_BinarySchema_SetRotSpeedParametersSetDataType_DictionaryFragment,15598,Variable
CRCL_BinarySchema_SetRotAccelParametersSetDataType,15599,Variable
CRCL_BinarySchema_SetRotAccelParametersSetDataType_DataTypeVersion,15600,Variable
CRCL_BinarySchema_SetRotAccelParametersSetDataType_DictionaryFragment,15601,Variable
CRCL_BinarySchema_SetAngleUnitsParametersSetDataType,15602,Variable
CRCL_BinarySchema_SetAngleUnitsParametersSetDataType_DataTypeVersion,15603,Variable
CRCL_BinarySchema_SetAngleUnitsParametersSetDataType_DictionaryFragment,15604,Variable
CRCL_BinarySchema_SetEndPoseToleranceParametersSetDataType,15605,Variable
CRCL_BinarySchema_SetEndPoseToleranceParametersSetDataType_DataTypeVersion,15606,Variable
CRCL_BinarySchema_SetEndPoseToleranceParametersSetDataType_DictionaryFragment,15607,Variable
CRCL_BinarySchema_SetForceUnitsParametersSetDataType,15608,Variable
CRCL_BinarySchema_SetForceUnitsParametersSetDataType_DataTypeVersion,15609,Variable
CRCL_BinarySchema_SetForceUnitsParametersSetDataType_DictionaryFragment,15610,Variable
CRCL_BinarySchema_SetIntermediatePoseToleranceParametersSetDataType,15611,Variable
CRCL_BinarySchema_SetIntermediatePoseToleranceParametersSetDataType_DataTypeVersion,15612,Variable
CRCL_BinarySchema_SetIntermediatePoseToleranceParametersSetDataType_DictionaryFragment,15613,Variable
CRCL_BinarySchema_SetLengthUnitsParametersSetDataType,15614,Variable
CRCL_BinarySchema_SetLengthUnitsParametersSetDataType_DataTypeVersion,15615,Variable
CRCL_BinarySchema_SetLengthUnitsParametersSetDataType_DictionaryFragment,15616,Variable
CRCL_BinarySchema_SetMotionCoordinationParametersSetDataType,15617,Variable
CRCL_BinarySchema_SetMotionCoordinationParametersSetDataType_DataTypeVersion,15618,Variable
CRCL_BinarySchema_SetMotionCoordinationParametersSetDataType_DictionaryFragment,15619,Variable
CRCL_BinarySchema_SetTorqueUnitsParametersSetDataType,15620,Variable
CRCL_BinarySchema_SetTorqueUnitsParametersSetDataType_DataTypeVersion,15621,Variable
CRCL_BinarySchema_SetTorqueUnitsParametersSetDataType_DictionaryFragment,15622,Variable
CRCL_BinarySchema_StopMotionParametersSetDataType,15623,Variable
CRCL_BinarySchema_StopMotionParametersSetDataType_DataTypeVersion,15624,Variable
CRCL_BinarySchema_StopMotionParametersSetDataType_DictionaryFragment,15625,Variable
CRCL_BinarySchema_ConfigureStatusReportParametersSetDataType,15626,Variable
CRCL_BinarySchema_ConfigureStatusReportParametersSetDataType_DataTypeVersion,15627,Variable
CRCL_BinarySchema_ConfigureStatusReportParametersSetDataType_DictionaryFragment,15628,Variable
CRCL_BinarySchema_EnableSensorParametersSetDataType,15629,Variable
CRCL_BinarySchema_EnableSensorParametersSetDataType_DataTypeVersion,15630,Variable
CRCL_BinarySchema_EnableSensorParametersSetDataType_DictionaryFragment,15631,Variable
CRCL_BinarySchema_DisableSensorParametersSetDataType,15632,Variable
CRCL_BinarySchema_DisableSensorParametersSetDataType_DataTypeVersion,15633,Variable
CRCL_BinarySchema_DisableSensorParametersSetDataType_DictionaryFragment,15634,Variable
CRCL_BinarySchema_EnableGripperParametersSetDataType,15635,Variable
CRCL_BinarySchema_EnableGripperParametersSetDataType_DataTypeVersion,15636,Variable
CRCL_BinarySchema_EnableGripperParametersSetDataType_DictionaryFragment,15637,Variable
CRCL_BinarySchema_DisableGripperParametersSetDataType,15638,Variable
CRCL_BinarySchema_DisableGripperParametersSetDataType_DataTypeVersion,15639,Variable
CRCL_BinarySchema_DisableGripperParametersSetDataType_DictionaryFragment,15640,Variable
CRCL_BinarySchema_EnableRobotParameterStatusParametersSetDataType,15641,Variable
CRCL_BinarySchema_EnableRobotParameterStatusParametersSetDataType_DataTypeVersion,15642,Variable
CRCL_BinarySchema_EnableRobotParameterStatusParametersSetDataType_DictionaryFragment,15643,Variable
CRCL_BinarySchema_DisableRobotParameterStatusParametersSetDataType,15644,Variable
CRCL_BinarySchema_DisableRobotParameterStatusParametersSetDataType_DataTypeVersion,15645,Variable
CRCL_BinarySchema_DisableRobotParameterStatusParametersSetDataType_DictionaryFragment,15646,Variable
CRCL_FractionDataType_Encoding_DefaultXml,15647,Object
CRCL_DataThingDataType_Encoding_DefaultXml,15648,Object
CRCL_PointDataType_Encoding_DefaultXml,15649,Object
CRCL_VectorDataType_Encoding_DefaultXml,15650,Object
CRCL_PoseDataType_Encoding_DefaultXml,15651,Object
CRCL_TwistDataType_Encoding_DefaultXml,15652,Object
CRCL_WrenchDataType_Encoding_DefaultXml,15653,Object
CRCL_PoseToleranceDataType_Encoding_DefaultXml,15654,Object
CRCL_ParameterSettingDataType_Encoding_DefaultXml,15655,Object
CRCL_RotAccelAbsoluteDataType_Encoding_DefaultXml,15656,Object
CRCL_RotAccelRelativeDataType_Encoding_DefaultXml,15657,Object
CRCL_RotAccelDataType_Encoding_DefaultXml,15658,Object
CRCL_RotSpeedAbsoluteDataType_Encoding_DefaultXml,15659,Object
CRCL_RotSpeedRelativeDataType_Encoding_DefaultXml,15660,Object
CRCL_RotSpeedDataType_Encoding_DefaultXml,15661,Object
CRCL_TransAccelAbsoluteDataType_Encoding_DefaultXml,15662,Object
CRCL_TransAccelRelativeDataType_Encoding_DefaultXml,15663,Object
CRCL_TransAccelDataType_Encoding_DefaultXml,15664,Object
CRCL_TransSpeedAbsoluteDataType_Encoding_DefaultXml,15665,Object
CRCL_TransSpeedRelativeDataType_Encoding_DefaultXml,15666,Object
CRCL_TransSpeedDataType_Encoding_DefaultXml,15667,Object
CRCL_ConfigureJointReportDataType_Encoding_DefaultXml,15668,Object
CRCL_GuardDataType_Encoding_DefaultXml,15669,Object
CRCL_JointPositionToleranceSettingDataType_Encoding_DefaultXml,15670,Object
CRCL_JointPositionsTolerancesDataType_Encoding_DefaultXml,15671,Object
CRCL_PoseAndSetDataType_Encoding_DefaultXml,15672,Object
CRCLCommandDataType_Encoding_DefaultXml,15673,Object
MiddleCommandDataType_Encoding_DefaultXml,15674,Object
EndCanonDataType_Encoding_DefaultXml,15675,Object
InitCanonDataType_Encoding_DefaultXml,15676,Object
CRCL_JointDetailsDataType_Encoding_DefaultXml,15677,Object
CRCL_ActuateJointDataType_Encoding_DefaultXml,15678,Object
CRCL_JointForceTorqueDataType_Encoding_DefaultXml,15679,Object
CRCL_JointSpeedAccelDataType_Encoding_DefaultXml,15680,Object
ActuateJointsDataType_Encoding_DefaultXml,15681,Object
MoveToDataType_Encoding_DefaultXml,15682,Object
CloseToolChangerDataType_Encoding_DefaultXml,15683,Object
DwellDataType_Encoding_DefaultXml,15684,Object
GetStatusDataType_Encoding_DefaultXml,15685,Object
MessageDataType_Encoding_DefaultXml,15686,Object
MoveScrewDataType_Encoding_DefaultXml,15687,Object
MoveThroughToDataType_Encoding_DefaultXml,15688,Object
OpenToolChangerDataType_Encoding_DefaultXml,15689,Object
RunProgramDataType_Encoding_DefaultXml,15690,Object
SetAngleUnitsDataType_Encoding_DefaultXml,15691,Object
SetEndeffectorParametersDataType_Encoding_DefaultXml,15692,Object
SetEndeffectorDataType_Encoding_DefaultXml,15693,Object
SetEndPoseToleranceDataType_Encoding_DefaultXml,15694,Object
SetForceUnitsDataType_Encoding_DefaultXml,15695,Object
SetIntermediatePoseToleranceDataType_Encoding_DefaultXml,15696,Object
SetLengthUnitsDataType_Encoding_DefaultXml,15697,Object
SetMotionCoordinationDataType_Encoding_DefaultXml,15698,Object
SetRobotParametersDataType_Encoding_DefaultXml,15699,Object
SetTorqueUnitsDataType_Encoding_DefaultXml,15700,Object
StopMotionDataType_Encoding_DefaultXml,15701,Object
ConfigureStatusReportDataType_Encoding_DefaultXml,15702,Object
EnableSensorDataType_Encoding_DefaultXml,15703,Object
DisableSensorDataType_Encoding_DefaultXml,15704,Object
EnableGripperDataType_Encoding_DefaultXml,15705,Object
DisableGripperDataType_Encoding_DefaultXml,15706,Object
EnableRobotParameterStatusDataType_Encoding_DefaultXml,15707,Object
DisableRobotParameterStatusDataType_Encoding_DefaultXml,15708,Object
SetDefaultJointPositionsTolerancesDataType_Encoding_DefaultXml,15709,Object
SetRotAccelDataType_Encoding_DefaultXml,15710,Object
SetTransAccelDataType_Encoding_DefaultXml,15711,Object
SetRotSpeedDataType_Encoding_DefaultXml,15712,Object
SetTransSpeedDataType_Encoding_DefaultXml,15713,Object
ConfigureJointReportsDataType_Encoding_DefaultXml,15714,Object
CRCL_CommandStatusDataType_Encoding_DefaultXml,15715,Object
CRCL_SensorStatusDataType_Encoding_DefaultXml,15716,Object
CRCL_CountSensorStatusDataType_Encoding_DefaultXml,15717,Object
CRCL_OnOffSensorStatusDataType_Encoding_DefaultXml,15718,Object
CRCL_ScalarSensorStatusDataType_Encoding_DefaultXml,15719,Object
CRCL_ForceTorqueSensorStatusDataType_Encoding_DefaultXml,15720,Object
CRCL_SensorStatusesDataType_Encoding_DefaultXml,15721,Object
CRCL_GripperStatusDataType_Encoding_DefaultXml,15722,Object
CRCL_ParallelGripperStatusDataType_Encoding_DefaultXml,15723,Object
CRCL_ThreeFingerGripperStatusDataType_Encoding_DefaultXml,15724,Object
CRCL_VacuumGripperStatusDataType_Encoding_DefaultXml,15725,Object
CRCL_SettingsStatusDataType_Encoding_DefaultXml,15726,Object
CRCL_PoseStatusDataType_Encoding_DefaultXml,15727,Object
CRCL_JointLimitDataType_Encoding_DefaultXml,15728,Object
CRCL_JointStatusDataType_Encoding_DefaultXml,15729,Object
CRCL_JointStatusesDataType_Encoding_DefaultXml,15730,Object
CRCLStatusDataType_Encoding_DefaultXml,15731,Object
PubSubIPAddresses_Encoding_DefaultXml,15732,Object
SAMYRobotDataType_Encoding_DefaultXml,15733,Object
CRCLCommandsUnionDataType_Encoding_DefaultXml,15734,Object
CRCLSkillDataType_Encoding_DefaultXml,15735,Object
CRCLCommandParametersSetDataType_Encoding_DefaultXml,15736,Object
InitCanonParametersSetDataType_Encoding_DefaultXml,15737,Object
EndCanonParametersSetDataType_Encoding_DefaultXml,15738,Object
GetStatusParametersSetDataType_Encoding_DefaultXml,15739,Object
CloseToolChangerParametersSetDataType_Encoding_DefaultXml,15740,Object
OpenToolChangerParametersSetDataType_Encoding_DefaultXml,15741,Object
MessageParametersSetDataType_Encoding_DefaultXml,15742,Object
MoveToParametersSetDataType_Encoding_DefaultXml,15743,Object
MoveScrewParametersSetDataType_Encoding_DefaultXml,15744,Object
MoveThroughToParametersSetDataType_Encoding_DefaultXml,15745,Object
DwellParametersSetDataType_Encoding_DefaultXml,15746,Object
ActuateJointsParametersSetDataType_Encoding_DefaultXml,15747,Object
ConfigureJointReportsParametersSetDataType_Encoding_DefaultXml,15748,Object
SetDefaultJointPositionsTolerancesParametersSetDataType_Encoding_DefaultXml,15749,Object
SetRobotParametersParametersSetDataType_Encoding_DefaultXml,15750,Object
SetEndeffectorParametersParametersSetDataType_Encoding_DefaultXml,15751,Object
SetEndeffectorParametersSetDataType_Encoding_DefaultXml,15752,Object
SetTransSpeedParametersSetDataType_Encoding_DefaultXml,15753,Object
SetTransAccelParametersSetDataType_Encoding_DefaultXml,15754,Object
SetRotSpeedParametersSetDataType_Encoding_DefaultXml,15755,Object
SetRotAccelParametersSetDataType_Encoding_DefaultXml,15756,Object
SetAngleUnitsParametersSetDataType_Encoding_DefaultXml,15757,Object
SetEndPoseToleranceParametersSetDataType_Encoding_DefaultXml,15758,Object
SetForceUnitsParametersSetDataType_Encoding_DefaultXml,15759,Object
SetIntermediatePoseToleranceParametersSetDataType_Encoding_DefaultXml,15760,Object
SetLengthUnitsParametersSetDataType_Encoding_DefaultXml,15761,Object
SetMotionCoordinationParametersSetDataType_Encoding_DefaultXml,15762,Object
SetTorqueUnitsParametersSetDataType_Encoding_DefaultXml,15763,Object
StopMotionParametersSetDataType_Encoding_DefaultXml,15764,Object
ConfigureStatusReportParametersSetDataType_Encoding_DefaultXml,15765,Object
EnableSensorParametersSetDataType_Encoding_DefaultXml,15766,Object
DisableSensorParametersSetDataType_Encoding_DefaultXml,15767,Object
EnableGripperParametersSetDataType_Encoding_DefaultXml,15768,Object
DisableGripperParametersSetDataType_Encoding_DefaultXml,15769,Object
EnableRobotParameterStatusParametersSetDataType_Encoding_DefaultXml,15770,Object
DisableRobotParameterStatusParametersSetDataType_Encoding_DefaultXml,15771,Object
CRCL_XmlSchema,15772,Variable
CRCL_XmlSchema_DataTypeVersion,15773,Variable
CRCL_XmlSchema_NamespaceUri,15774,Variable
CRCL_XmlSchema_Deprecated,15775,Variable
CRCL_XmlSchema_CRCL_FractionDataType,15776,Variable
CRCL_XmlSchema_CRCL_FractionDataType_DataTypeVersion,15777,Variable
CRCL_XmlSchema_CRCL_FractionDataType_DictionaryFragment,15778,Variable
CRCL_XmlSchema_CRCL_DataThingDataType,15779,Variable
CRCL_XmlSchema_CRCL_DataThingDataType_DataTypeVersion,15780,Variable
CRCL_XmlSchema_CRCL_DataThingDataType_DictionaryFragment,15781,Variable
CRCL_XmlSchema_CRCL_PointDataType,15782,Variable
CRCL_XmlSchema_CRCL_PointDataType_DataTypeVersion,15783,Variable
CRCL_XmlSchema_CRCL_PointDataType_DictionaryFragment,15784,Variable
CRCL_XmlSchema_CRCL_VectorDataType,15785,Variable
CRCL_XmlSchema_CRCL_VectorDataType_DataTypeVersion,15786,Variable
CRCL_XmlSchema_CRCL_VectorDataType_DictionaryFragment,15787,Variable
CRCL_XmlSchema_CRCL_PoseDataType,15788,Variable
CRCL_XmlSchema_CRCL_PoseDataType_DataTypeVersion,15789,Variable
CRCL_XmlSchema_CRCL_PoseDataType_DictionaryFragment,15790,Variable
CRCL_XmlSchema_CRCL_TwistDataType,15791,Variable
CRCL_XmlSchema_CRCL_TwistDataType_DataTypeVersion,15792,Variable
CRCL_XmlSchema_CRCL_TwistDataType_DictionaryFragment,15793,Variable
CRCL_XmlSchema_CRCL_WrenchDataType,15794,Variable
CRCL_XmlSchema_CRCL_WrenchDataType_DataTypeVersion,15795,Variable
CRCL_XmlSchema_CRCL_WrenchDataType_DictionaryFragment,15796,Variable
CRCL_XmlSchema_CRCL_PoseToleranceDataType,15797,Variable
CRCL_XmlSchema_CRCL_PoseToleranceDataType_DataTypeVersion,15798,Variable
CRCL_XmlSchema_CRCL_PoseToleranceDataType_DictionaryFragment,15799,Variable
CRCL_XmlSchema_CRCL_ParameterSettingDataType,15800,Variable
CRCL_XmlSchema_CRCL_ParameterSettingDataType_DataTypeVersion,15801,Variable
CRCL_XmlSchema_CRCL_ParameterSettingDataType_DictionaryFragment,15802,Variable
CRCL_XmlSchema_CRCL_RotAccelAbsoluteDataType,15803,Variable
CRCL_XmlSchema_CRCL_RotAccelAbsoluteDataType_DataTypeVersion,15804,Variable
CRCL_XmlSchema_CRCL_RotAccelAbsoluteDataType_DictionaryFragment,15805,Variable
CRCL_XmlSchema_CRCL_RotAccelRelativeDataType,15806,Variable
CRCL_XmlSchema_CRCL_RotAccelRelativeDataType_DataTypeVersion,15807,Variable
CRCL_XmlSchema_CRCL_RotAccelRelativeDataType_DictionaryFragment,15808,Variable
CRCL_XmlSchema_CRCL_RotAccelDataType,15809,Variable
CRCL_XmlSchema_CRCL_RotAccelDataType_DataTypeVersion,15810,Variable
CRCL_XmlSchema_CRCL_RotAccelDataType_DictionaryFragment,15811,Variable
CRCL_XmlSchema_CRCL_RotSpeedAbsoluteDataType,15812,Variable
CRCL_XmlSchema_CRCL_RotSpeedAbsoluteDataType_DataTypeVersion,15813,Variable
CRCL_XmlSchema_CRCL_RotSpeedAbsoluteDataType_DictionaryFragment,15814,Variable
CRCL_XmlSchema_CRCL_RotSpeedRelativeDataType,15815,Variable
CRCL_XmlSchema_CRCL_RotSpeedRelativeDataType_DataTypeVersion,15816,Variable
CRCL_XmlSchema_CRCL_RotSpeedRelativeDataType_DictionaryFragment,15817,Variable
CRCL_XmlSchema_CRCL_RotSpeedDataType,15818,Variable
CRCL_XmlSchema_CRCL_RotSpeedDataType_DataTypeVersion,15819,Variable
CRCL_XmlSchema_CRCL_RotSpeedDataType_DictionaryFragment,15820,Variable
CRCL_XmlSchema_CRCL_TransAccelAbsoluteDataType,15821,Variable
CRCL_XmlSchema_CRCL_TransAccelAbsoluteDataType_DataTypeVersion,15822,Variable
CRCL_XmlSchema_CRCL_TransAccelAbsoluteDataType_DictionaryFragment,15823,Variable
CRCL_XmlSchema_CRCL_TransAccelRelativeDataType,15824,Variable
CRCL_XmlSchema_CRCL_TransAccelRelativeDataType_DataTypeVersion,15825,Variable
CRCL_XmlSchema_CRCL_TransAccelRelativeDataType_DictionaryFragment,15826,Variable
CRCL_XmlSchema_CRCL_TransAccelDataType,15827,Variable
CRCL_XmlSchema_CRCL_TransAccelDataType_DataTypeVersion,15828,Variable
CRCL_XmlSchema_CRCL_TransAccelDataType_DictionaryFragment,15829,Variable
CRCL_XmlSchema_CRCL_TransSpeedAbsoluteDataType,15830,Variable
CRCL_XmlSchema_CRCL_TransSpeedAbsoluteDataType_DataTypeVersion,15831,Variable
CRCL_XmlSchema_CRCL_TransSpeedAbsoluteDataType_DictionaryFragment,15832,Variable
CRCL_XmlSchema_CRCL_TransSpeedRelativeDataType,15833,Variable
CRCL_XmlSchema_CRCL_TransSpeedRelativeDataType_DataTypeVersion,15834,Variable
CRCL_XmlSchema_CRCL_TransSpeedRelativeDataType_DictionaryFragment,15835,Variable
CRCL_XmlSchema_CRCL_TransSpeedDataType,15836,Variable
CRCL_XmlSchema_CRCL_TransSpeedDataType_DataTypeVersion,15837,Variable
CRCL_XmlSchema_CRCL_TransSpeedDataType_DictionaryFragment,15838,Variable
CRCL_XmlSchema_CRCL_ConfigureJointReportDataType,15839,Variable
CRCL_XmlSchema_CRCL_ConfigureJointReportDataType_DataTypeVersion,15840,Variable
CRCL_XmlSchema_CRCL_ConfigureJointReportDataType_DictionaryFragment,15841,Variable
CRCL_XmlSchema_CRCL_GuardDataType,15842,Variable
CRCL_XmlSchema_CRCL_GuardDataType_DataTypeVersion,15843,Variable
CRCL_XmlSchema_CRCL_GuardDataType_DictionaryFragment,15844,Variable
CRCL_XmlSchema_CRCL_JointPositionToleranceSettingDataType,15845,Variable
CRCL_XmlSchema_CRCL_JointPositionToleranceSettingDataType_DataTypeVersion,15846,Variable
CRCL_XmlSchema_CRCL_JointPositionToleranceSettingDataType_DictionaryFragment,15847,Variable
CRCL_XmlSchema_CRCL_JointPositionsTolerancesDataType,15848,Variable
CRCL_XmlSchema_CRCL_JointPositionsTolerancesDataType_DataTypeVersion,15849,Variable
CRCL_XmlSchema_CRCL_JointPositionsTolerancesDataType_DictionaryFragment,15850,Variable
CRCL_XmlSchema_CRCL_PoseAndSetDataType,15851,Variable
CRCL_XmlSchema_CRCL_PoseAndSetDataType_DataTypeVersion,15852,Variable
CRCL_XmlSchema_CRCL_PoseAndSetDataType_DictionaryFragment,15853,Variable
CRCL_XmlSchema_CRCLCommandDataType,15854,Variable
CRCL_XmlSchema_CRCLCommandDataType_DataTypeVersion,15855,Variable
CRCL_XmlSchema_CRCLCommandDataType_DictionaryFragment,15856,Variable
CRCL_XmlSchema_MiddleCommandDataType,15857,Variable
CRCL_XmlSchema_MiddleCommandDataType_DataTypeVersion,15858,Variable
CRCL_XmlSchema_MiddleCommandDataType_DictionaryFragment,15859,Variable
CRCL_XmlSchema_EndCanonDataType,15860,Variable
CRCL_XmlSchema_EndCanonDataType_DataTypeVersion,15861,Variable
CRCL_XmlSchema_EndCanonDataType_DictionaryFragment,15862,Variable
CRCL_XmlSchema_InitCanonDataType,15863,Variable
CRCL_XmlSchema_InitCanonDataType_DataTypeVersion,15864,Variable
CRCL_XmlSchema_InitCanonDataType_DictionaryFragment,15865,Variable
CRCL_XmlSchema_CRCL_JointDetailsDataType,15866,Variable
CRCL_XmlSchema_CRCL_JointDetailsDataType_DataTypeVersion,15867,Variable
CRCL_XmlSchema_CRCL_JointDetailsDataType_DictionaryFragment,15868,Variable
CRCL_XmlSchema_CRCL_ActuateJointDataType,15869,Variable
CRCL_XmlSchema_CRCL_ActuateJointDataType_DataTypeVersion,15870,Variable
CRCL_XmlSchema_CRCL_ActuateJointDataType_DictionaryFragment,15871,Variable
CRCL_XmlSchema_CRCL_JointForceTorqueDataType,15872,Variable
CRCL_XmlSchema_CRCL_JointForceTorqueDataType_DataTypeVersion,15873,Variable
CRCL_XmlSchema_CRCL_JointForceTorqueDataType_DictionaryFragment,15874,Variable
CRCL_XmlSchema_CRCL_JointSpeedAccelDataType,15875,Variable
CRCL_XmlSchema_CRCL_JointSpeedAccelDataType_DataTypeVersion,15876,Variable
CRCL_XmlSchema_CRCL_JointSpeedAccelDataType_DictionaryFragment,15877,Variable
CRCL_XmlSchema_ActuateJointsDataType,15878,Variable
CRCL_XmlSchema_ActuateJointsDataType_DataTypeVersion,15879,Variable
CRCL_XmlSchema_ActuateJointsDataType_DictionaryFragment,15880,Variable
CRCL_XmlSchema_MoveToDataType,15881,Variable
CRCL_XmlSchema_MoveToDataType_DataTypeVersion,15882,Variable
CRCL_XmlSchema_MoveToDataType_DictionaryFragment,15883,Variable
CRCL_XmlSchema_CloseToolChangerDataType,15884,Variable
CRCL_XmlSchema_CloseToolChangerDataType_DataTypeVersion,15885,Variable
CRCL_XmlSchema_CloseToolChangerDataType_DictionaryFragment,15886,Variable
CRCL_XmlSchema_DwellDataType,15887,Variable
CRCL_XmlSchema_DwellDataType_DataTypeVersion,15888,Variable
CRCL_XmlSchema_DwellDataType_DictionaryFragment,15889,Variable
CRCL_XmlSchema_GetStatusDataType,15890,Variable
CRCL_XmlSchema_GetStatusDataType_DataTypeVersion,15891,Variable
CRCL_XmlSchema_GetStatusDataType_DictionaryFragment,15892,Variable
CRCL_XmlSchema_MessageDataType,15893,Variable
CRCL_XmlSchema_MessageDataType_DataTypeVersion,15894,Variable
CRCL_XmlSchema_MessageDataType_DictionaryFragment,15895,Variable
CRCL_XmlSchema_MoveScrewDataType,15896,Variable
CRCL_XmlSchema_MoveScrewDataType_DataTypeVersion,15897,Variable
CRCL_XmlSchema_MoveScrewDataType_DictionaryFragment,15898,Variable
CRCL_XmlSchema_MoveThroughToDataType,15899,Variable
CRCL_XmlSchema_MoveThroughToDataType_DataTypeVersion,15900,Variable
CRCL_XmlSchema_MoveThroughToDataType_DictionaryFragment,15901,Variable
CRCL_XmlSchema_OpenToolChangerDataType,15902,Variable
CRCL_XmlSchema_OpenToolChangerDataType_DataTypeVersion,15903,Variable
CRCL_XmlSchema_OpenToolChangerDataType_DictionaryFragment,15904,Variable
CRCL_XmlSchema_RunProgramDataType,15905,Variable
CRCL_XmlSchema_RunProgramDataType_DataTypeVersion,15906,Variable
CRCL_XmlSchema_RunProgramDataType_DictionaryFragment,15907,Variable
CRCL_XmlSchema_SetAngleUnitsDataType,15908,Variable
CRCL_XmlSchema_SetAngleUnitsDataType_DataTypeVersion,15909,Variable
CRCL_XmlSchema_SetAngleUnitsDataType_DictionaryFragment,15910,Variable
CRCL_XmlSchema_SetEndeffectorParametersDataType,15911,Variable
CRCL_XmlSchema_SetEndeffectorParametersDataType_DataTypeVersion,15912,Variable
CRCL_XmlSchema_SetEndeffectorParametersDataType_DictionaryFragment,15913,Variable
CRCL_XmlSchema_SetEndeffectorDataType,15914,Variable
CRCL_XmlSchema_SetEndeffectorDataType_DataTypeVersion,15915,Variable
CRCL_XmlSchema_SetEndeffectorDataType_DictionaryFragment,15916,Variable
CRCL_XmlSchema_SetEndPoseToleranceDataType,15917,Variable
CRCL_XmlSchema_SetEndPoseToleranceDataType_DataTypeVersion,15918,Variable
CRCL_XmlSchema_SetEndPoseToleranceDataType_DictionaryFragment,15919,Variable
CRCL_XmlSchema_SetForceUnitsDataType,15920,Variable
CRCL_XmlSchema_SetForceUnitsDataType_DataTypeVersion,15921,Variable
CRCL_XmlSchema_SetForceUnitsDataType_DictionaryFragment,15922,Variable
CRCL_XmlSchema_SetIntermediatePoseToleranceDataType,15923,Variable
CRCL_XmlSchema_SetIntermediatePoseToleranceDataType_DataTypeVersion,15924,Variable
CRCL_XmlSchema_SetIntermediatePoseToleranceDataType_DictionaryFragment,15925,Variable
CRCL_XmlSchema_SetLengthUnitsDataType,15926,Variable
CRCL_XmlSchema_SetLengthUnitsDataType_DataTypeVersion,15927,Variable
CRCL_XmlSchema_SetLengthUnitsDataType_DictionaryFragment,15928,Variable
CRCL_XmlSchema_SetMotionCoordinationDataType,15929,Variable
CRCL_XmlSchema_SetMotionCoordinationDataType_DataTypeVersion,15930,Variable
CRCL_XmlSchema_SetMotionCoordinationDataType_DictionaryFragment,15931,Variable
CRCL_XmlSchema_SetRobotParametersDataType,15932,Variable
CRCL_XmlSchema_SetRobotParametersDataType_DataTypeVersion,15933,Variable
CRCL_XmlSchema_SetRobotParametersDataType_DictionaryFragment,15934,Variable
CRCL_XmlSchema_SetTorqueUnitsDataType,15935,Variable
CRCL_XmlSchema_SetTorqueUnitsDataType_DataTypeVersion,15936,Variable
CRCL_XmlSchema_SetTorqueUnitsDataType_DictionaryFragment,15937,Variable
CRCL_XmlSchema_StopMotionDataType,15938,Variable
CRCL_XmlSchema_StopMotionDataType_DataTypeVersion,15939,Variable
CRCL_XmlSchema_StopMotionDataType_DictionaryFragment,15940,Variable
CRCL_XmlSchema_ConfigureStatusReportDataType,15941,Variable
CRCL_XmlSchema_ConfigureStatusReportDataType_DataTypeVersion,15942,Variable
CRCL_XmlSchema_ConfigureStatusReportDataType_DictionaryFragment,15943,Variable
CRCL_XmlSchema_EnableSensorDataType,15944,Variable
CRCL_XmlSchema_EnableSensorDataType_DataTypeVersion,15945,Variable
CRCL_XmlSchema_EnableSensorDataType_DictionaryFragment,15946,Variable
CRCL_XmlSchema_DisableSensorDataType,15947,Variable
CRCL_XmlSchema_DisableSensorDataType_DataTypeVersion,15948,Variable
CRCL_XmlSchema_DisableSensorDataType_DictionaryFragment,15949,Variable
CRCL_XmlSchema_EnableGripperDataType,15950,Variable
CRCL_XmlSchema_EnableGripperDataType_DataTypeVersion,15951,Variable
CRCL_XmlSchema_EnableGripperDataType_DictionaryFragment,15952,Variable
CRCL_XmlSchema_DisableGripperDataType,15953,Variable
CRCL_XmlSchema_DisableGripperDataType_DataTypeVersion,15954,Variable
CRCL_XmlSchema_DisableGripperDataType_DictionaryFragment,15955,Variable
CRCL_XmlSchema_EnableRobotParameterStatusDataType,15956,Variable
CRCL_XmlSchema_EnableRobotParameterStatusDataType_DataTypeVersion,15957,Variable
CRCL_XmlSchema_EnableRobotParameterStatusDataType_DictionaryFragment,15958,Variable
CRCL_XmlSchema_DisableRobotParameterStatusDataType,15959,Variable
CRCL_XmlSchema_DisableRobotParameterStatusDataType_DataTypeVersion,15960,Variable
CRCL_XmlSchema_DisableRobotParameterStatusDataType_DictionaryFragment,15961,Variable
CRCL_XmlSchema_SetDefaultJointPositionsTolerancesDataType,15962,Variable
CRCL_XmlSchema_SetDefaultJointPositionsTolerancesDataType_DataTypeVersion,15963,Variable
CRCL_XmlSchema_SetDefaultJointPositionsTolerancesDataType_DictionaryFragment,15964,Variable
CRCL_XmlSchema_SetRotAccelDataType,15965,Variable
CRCL_XmlSchema_SetRotAccelDataType_DataTypeVersion,15966,Variable
CRCL_XmlSchema_SetRotAccelDataType_DictionaryFragment,15967,Variable
CRCL_XmlSchema_SetTransAccelDataType,15968,Variable
CRCL_XmlSchema_SetTransAccelDataType_DataTypeVersion,15969,Variable
CRCL_XmlSchema_SetTransAccelDataType_DictionaryFragment,15970,Variable
CRCL_XmlSchema_SetRotSpeedDataType,15971,Variable
CRCL_XmlSchema_SetRotSpeedDataType_DataTypeVersion,15972,Variable
CRCL_XmlSchema_SetRotSpeedDataType_DictionaryFragment,15973,Variable
CRCL_XmlSchema_SetTransSpeedDataType,15974,Variable
CRCL_XmlSchema_SetTransSpeedDataType_DataTypeVersion,15975,Variable
CRCL_XmlSchema_SetTransSpeedDataType_DictionaryFragment,15976,Variable
CRCL_XmlSchema_ConfigureJointReportsDataType,15977,Variable
CRCL_XmlSchema_ConfigureJointReportsDataType_DataTypeVersion,15978,Variable
CRCL_XmlSchema_ConfigureJointReportsDataType_DictionaryFragment,15979,Variable
CRCL_XmlSchema_CRCL_CommandStatusDataType,15980,Variable
CRCL_XmlSchema_CRCL_CommandStatusDataType_DataTypeVersion,15981,Variable
CRCL_XmlSchema_CRCL_CommandStatusDataType_DictionaryFragment,15982,Variable
CRCL_XmlSchema_CRCL_SensorStatusDataType,15983,Variable
CRCL_XmlSchema_CRCL_SensorStatusDataType_DataTypeVersion,15984,Variable
CRCL_XmlSchema_CRCL_SensorStatusDataType_DictionaryFragment,15985,Variable
CRCL_XmlSchema_CRCL_CountSensorStatusDataType,15986,Variable
CRCL_XmlSchema_CRCL_CountSensorStatusDataType_DataTypeVersion,15987,Variable
CRCL_XmlSchema_CRCL_CountSensorStatusDataType_DictionaryFragment,15988,Variable
CRCL_XmlSchema_CRCL_OnOffSensorStatusDataType,15989,Variable
CRCL_XmlSchema_CRCL_OnOffSensorStatusDataType_DataTypeVersion,15990,Variable
CRCL_XmlSchema_CRCL_OnOffSensorStatusDataType_DictionaryFragment,15991,Variable
CRCL_XmlSchema_CRCL_ScalarSensorStatusDataType,15992,Variable
CRCL_XmlSchema_CRCL_ScalarSensorStatusDataType_DataTypeVersion,15993,Variable
CRCL_XmlSchema_CRCL_ScalarSensorStatusDataType_DictionaryFragment,15994,Variable
CRCL_XmlSchema_CRCL_ForceTorqueSensorStatusDataType,15995,Variable
CRCL_XmlSchema_CRCL_ForceTorqueSensorStatusDataType_DataTypeVersion,15996,Variable
CRCL_XmlSchema_CRCL_ForceTorqueSensorStatusDataType_DictionaryFragment,15997,Variable
CRCL_XmlSchema_CRCL_SensorStatusesDataType,15998,Variable
CRCL_XmlSchema_CRCL_SensorStatusesDataType_DataTypeVersion,15999,Variable
CRCL_XmlSchema_CRCL_SensorStatusesDataType_DictionaryFragment,16000,Variable
CRCL_XmlSchema_CRCL_GripperStatusDataType,16001,Variable
CRCL_XmlSchema_CRCL_GripperStatusDataType_DataTypeVersion,16002,Variable
CRCL_XmlSchema_CRCL_GripperStatusDataType_DictionaryFragment,16003,Variable
CRCL_XmlSchema_CRCL_ParallelGripperStatusDataType,16004,Variable
CRCL_XmlSchema_CRCL_ParallelGripperStatusDataType_DataTypeVersion,16005,Variable
CRCL_XmlSchema_CRCL_ParallelGripperStatusDataType_DictionaryFragment,16006,Variable
CRCL_XmlSchema_CRCL_ThreeFingerGripperStatusDataType,16007,Variable
CRCL_XmlSchema_CRCL_ThreeFingerGripperStatusDataType_DataTypeVersion,16008,Variable
CRCL_XmlSchema_CRCL_ThreeFingerGripperStatusDataType_DictionaryFragment,16009,Variable
CRCL_XmlSchema_CRCL_VacuumGripperStatusDataType,16010,Variable
CRCL_XmlSchema_CRCL_VacuumGripperStatusDataType_DataTypeVersion,16011,Variable
CRCL_XmlSchema_CRCL_VacuumGripperStatusDataType_DictionaryFragment,16012,Variable
CRCL_XmlSchema_CRCL_SettingsStatusDataType,16013,Variable
CRCL_XmlSchema_CRCL_SettingsStatusDataType_DataTypeVersion,16014,Variable
CRCL_XmlSchema_CRCL_SettingsStatusDataType_DictionaryFragment,16015,Variable
CRCL_XmlSchema_CRCL_PoseStatusDataType,16016,Variable
CRCL_XmlSchema_CRCL_PoseStatusDataType_DataTypeVersion,16017,Variable
CRCL_XmlSchema_CRCL_PoseStatusDataType_DictionaryFragment,16018,Variable
CRCL_XmlSchema_CRCL_JointLimitDataType,16019,Variable
CRCL_XmlSchema_CRCL_JointLimitDataType_DataTypeVersion,16020,Variable
CRCL_XmlSchema_CRCL_JointLimitDataType_DictionaryFragment,16021,Variable
CRCL_XmlSchema_CRCL_JointStatusDataType,16022,Variable
CRCL_XmlSchema_CRCL_JointStatusDataType_DataTypeVersion,16023,Variable
CRCL_XmlSchema_CRCL_JointStatusDataType_DictionaryFragment,16024,Variable
CRCL_XmlSchema_CRCL_JointStatusesDataType,16025,Variable
CRCL_XmlSchema_CRCL_JointStatusesDataType_DataTypeVersion,16026,Variable
CRCL_XmlSchema_CRCL_JointStatusesDataType_DictionaryFragment,16027,Variable
CRCL_XmlSchema_CRCLStatusDataType,16028,Variable
CRCL_XmlSchema_CRCLStatusDataType_DataTypeVersion,16029,Variable
CRCL_XmlSchema_CRCLStatusDataType_DictionaryFragment,16030,Variable
CRCL_XmlSchema_PubSubIPAddresses,16031,Variable
CRCL_XmlSchema_PubSubIPAddresses_DataTypeVersion,16032,Variable
CRCL_XmlSchema_PubSubIPAddresses_DictionaryFragment,16033,Variable
CRCL_XmlSchema_SAMYRobotDataType,16034,Variable
CRCL_XmlSchema_SAMYRobotDataType_DataTypeVersion,16035,Variable
CRCL_XmlSchema_SAMYRobotDataType_DictionaryFragment,16036,Variable
CRCL_XmlSchema_CRCLCommandsUnionDataType,16037,Variable
CRCL_XmlSchema_CRCLCommandsUnionDataType_DataTypeVersion,16038,Variable
CRCL_XmlSchema_CRCLCommandsUnionDataType_DictionaryFragment,16039,Variable
CRCL_XmlSchema_CRCLSkillDataType,16040,Variable
CRCL_XmlSchema_CRCLSkillDataType_DataTypeVersion,16041,Variable
CRCL_XmlSchema_CRCLSkillDataType_DictionaryFragment,16042,Variable
CRCL_XmlSchema_CRCLCommandParametersSetDataType,16043,Variable
CRCL_XmlSchema_CRCLCommandParametersSetDataType_DataTypeVersion,16044,Variable
CRCL_XmlSchema_CRCLCommandParametersSetDataType_DictionaryFragment,16045,Variable
CRCL_XmlSchema_InitCanonParametersSetDataType,16046,Variable
CRCL_XmlSchema_InitCanonParametersSetDataType_DataTypeVersion,16047,Variable
CRCL_XmlSchema_InitCanonParametersSetDataType_DictionaryFragment,16048,Variable
CRCL_XmlSchema_EndCanonParametersSetDataType,16049,Variable
CRCL_XmlSchema_EndCanonParametersSetDataType_DataTypeVersion,16050,Variable
CRCL_XmlSchema_EndCanonParametersSetDataType_DictionaryFragment,16051,Variable
CRCL_XmlSchema_GetStatusParametersSetDataType,16052,Variable
CRCL_XmlSchema_GetStatusParametersSetDataType_DataTypeVersion,16053,Variable
CRCL_XmlSchema_GetStatusParametersSetDataType_DictionaryFragment,16054,Variable
CRCL_XmlSchema_CloseToolChangerParametersSetDataType,16055,Variable
CRCL_XmlSchema_CloseToolChangerParametersSetDataType_DataTypeVersion,16056,Variable
CRCL_XmlSchema_CloseToolChangerParametersSetDataType_DictionaryFragment,16057,Variable
CRCL_XmlSchema_OpenToolChangerParametersSetDataType,16058,Variable
CRCL_XmlSchema_OpenToolChangerParametersSetDataType_DataTypeVersion,16059,Variable
CRCL_XmlSchema_OpenToolChangerParametersSetDataType_DictionaryFragment,16060,Variable
CRCL_XmlSchema_MessageParametersSetDataType,16061,Variable
CRCL_XmlSchema_MessageParametersSetDataType_DataTypeVersion,16062,Variable
CRCL_XmlSchema_MessageParametersSetDataType_DictionaryFragment,16063,Variable
CRCL_XmlSchema_MoveToParametersSetDataType,16064,Variable
CRCL_XmlSchema_MoveToParametersSetDataType_DataTypeVersion,16065,Variable
CRCL_XmlSchema_MoveToParametersSetDataType_DictionaryFragment,16066,Variable
CRCL_XmlSchema_MoveScrewParametersSetDataType,16067,Variable
CRCL_XmlSchema_MoveScrewParametersSetDataType_DataTypeVersion,16068,Variable
CRCL_XmlSchema_MoveScrewParametersSetDataType_DictionaryFragment,16069,Variable
CRCL_XmlSchema_MoveThroughToParametersSetDataType,16070,Variable
CRCL_XmlSchema_MoveThroughToParametersSetDataType_DataTypeVersion,16071,Variable
CRCL_XmlSchema_MoveThroughToParametersSetDataType_DictionaryFragment,16072,Variable
CRCL_XmlSchema_DwellParametersSetDataType,16073,Variable
CRCL_XmlSchema_DwellParametersSetDataType_DataTypeVersion,16074,Variable
CRCL_XmlSchema_DwellParametersSetDataType_DictionaryFragment,16075,Variable
CRCL_XmlSchema_ActuateJointsParametersSetDataType,16076,Variable
CRCL_XmlSchema_ActuateJointsParametersSetDataType_DataTypeVersion,16077,Variable
CRCL_XmlSchema_ActuateJointsParametersSetDataType_DictionaryFragment,16078,Variable
CRCL_XmlSchema_ConfigureJointReportsParametersSetDataType,16079,Variable
CRCL_XmlSchema_ConfigureJointReportsParametersSetDataType_DataTypeVersion,16080,Variable
CRCL_XmlSchema_ConfigureJointReportsParametersSetDataType_DictionaryFragment,16081,Variable
CRCL_XmlSchema_SetDefaultJointPositionsTolerancesParametersSetDataType,16082,Variable
CRCL_XmlSchema_SetDefaultJointPositionsTolerancesParametersSetDataType_DataTypeVersion,16083,Variable
CRCL_XmlSchema_SetDefaultJointPositionsTolerancesParametersSetDataType_DictionaryFragment,16084,Variable
CRCL_XmlSchema_SetRobotParametersParametersSetDataType,16085,Variable
CRCL_XmlSchema_SetRobotParametersParametersSetDataType_DataTypeVersion,16086,Variable
CRCL_XmlSchema_SetRobotParametersParametersSetDataType_DictionaryFragment,16087,Variable
CRCL_XmlSchema_SetEndeffectorParametersParametersSetDataType,16088,Variable
CRCL_XmlSchema_SetEndeffectorParametersParametersSetDataType_DataTypeVersion,16089,Variable
CRCL_XmlSchema_SetEndeffectorParametersParametersSetDataType_DictionaryFragment,16090,Variable
CRCL_XmlSchema_SetEndeffectorParametersSetDataType,16091,Variable
CRCL_XmlSchema_SetEndeffectorParametersSetDataType_DataTypeVersion,16092,Variable
CRCL_XmlSchema_SetEndeffectorParametersSetDataType_DictionaryFragment,16093,Variable
CRCL_XmlSchema_SetTransSpeedParametersSetDataType,16094,Variable
CRCL_XmlSchema_SetTransSpeedParametersSetDataType_DataTypeVersion,16095,Variable
CRCL_XmlSchema_SetTransSpeedParametersSetDataType_DictionaryFragment,16096,Variable
CRCL_XmlSchema_SetTransAccelParametersSetDataType,16097,Variable
CRCL_XmlSchema_SetTransAccelParametersSetDataType_DataTypeVersion,16098,Variable
CRCL_XmlSchema_SetTransAccelParametersSetDataType_DictionaryFragment,16099,Variable
CRCL_XmlSchema_SetRotSpeedParametersSetDataType,16100,Variable
CRCL_XmlSchema_SetRotSpeedParametersSetDataType_DataTypeVersion,16101,Variable
CRCL_XmlSchema_SetRotSpeedParametersSetDataType_DictionaryFragment,16102,Variable
CRCL_XmlSchema_SetRotAccelParametersSetDataType,16103,Variable
CRCL_XmlSchema_SetRotAccelParametersSetDataType_DataTypeVersion,16104,Variable
CRCL_XmlSchema_SetRotAccelParametersSetDataType_DictionaryFragment,16105,Variable
CRCL_XmlSchema_SetAngleUnitsParametersSetDataType,16106,Variable
CRCL_XmlSchema_SetAngleUnitsParametersSetDataType_DataTypeVersion,16107,Variable
CRCL_XmlSchema_SetAngleUnitsParametersSetDataType_DictionaryFragment,16108,Variable
CRCL_XmlSchema_SetEndPoseToleranceParametersSetDataType,16109,Variable
CRCL_XmlSchema_SetEndPoseToleranceParametersSetDataType_DataTypeVersion,16110,Variable
CRCL_XmlSchema_SetEndPoseToleranceParametersSetDataType_DictionaryFragment,16111,Variable
CRCL_XmlSchema_SetForceUnitsParametersSetDataType,16112,Variable
CRCL_XmlSchema_SetForceUnitsParametersSetDataType_DataTypeVersion,16113,Variable
CRCL_XmlSchema_SetForceUnitsParametersSetDataType_DictionaryFragment,16114,Variable
CRCL_XmlSchema_SetIntermediatePoseToleranceParametersSetDataType,16115,Variable
CRCL_XmlSchema_SetIntermediatePoseToleranceParametersSetDataType_DataTypeVersion,16116,Variable
CRCL_XmlSchema_SetIntermediatePoseToleranceParametersSetDataType_DictionaryFragment,16117,Variable
CRCL_XmlSchema_SetLengthUnitsParametersSetDataType,16118,Variable
CRCL_XmlSchema_SetLengthUnitsParametersSetDataType_DataTypeVersion,16119,Variable
CRCL_XmlSchema_SetLengthUnitsParametersSetDataType_DictionaryFragment,16120,Variable
CRCL_XmlSchema_SetMotionCoordinationParametersSetDataType,16121,Variable
CRCL_XmlSchema_SetMotionCoordinationParametersSetDataType_DataTypeVersion,16122,Variable
CRCL_XmlSchema_SetMotionCoordinationParametersSetDataType_DictionaryFragment,16123,Variable
CRCL_XmlSchema_SetTorqueUnitsParametersSetDataType,16124,Variable
CRCL_XmlSchema_SetTorqueUnitsParametersSetDataType_DataTypeVersion,16125,Variable
CRCL_XmlSchema_SetTorqueUnitsParametersSetDataType_DictionaryFragment,16126,Variable
CRCL_XmlSchema_StopMotionParametersSetDataType,16127,Variable
CRCL_XmlSchema_StopMotionParametersSetDataType_DataTypeVersion,16128,Variable
CRCL_XmlSchema_StopMotionParametersSetDataType_DictionaryFragment,16129,Variable
CRCL_XmlSchema_ConfigureStatusReportParametersSetDataType,16130,Variable
CRCL_XmlSchema_ConfigureStatusReportParametersSetDataType_DataTypeVersion,16131,Variable
CRCL_XmlSchema_ConfigureStatusReportParametersSetDataType_DictionaryFragment,16132,Variable
CRCL_XmlSchema_EnableSensorParametersSetDataType,16133,Variable
CRCL_XmlSchema_EnableSensorParametersSetDataType_DataTypeVersion,16134,Variable
CRCL_XmlSchema_EnableSensorParametersSetDataType_DictionaryFragment,16135,Variable
CRCL_XmlSchema_DisableSensorParametersSetDataType,16136,Variable
CRCL_XmlSchema_DisableSensorParametersSetDataType_DataTypeVersion,16137,Variable
CRCL_XmlSchema_DisableSensorParametersSetDataType_DictionaryFragment,16138,Variable
CRCL_XmlSchema_EnableGripperParametersSetDataType,16139,Variable
CRCL_XmlSchema_EnableGripperParametersSetDataType_DataTypeVersion,16140,Variable
CRCL_XmlSchema_EnableGripperParametersSetDataType_DictionaryFragment,16141,Variable
CRCL_XmlSchema_DisableGripperParametersSetDataType,16142,Variable
CRCL_XmlSchema_DisableGripperParametersSetDataType_DataTypeVersion,16143,Variable
CRCL_XmlSchema_DisableGripperParametersSetDataType_DictionaryFragment,16144,Variable
CRCL_XmlSchema_EnableRobotParameterStatusParametersSetDataType,16145,Variable
CRCL_XmlSchema_EnableRobotParameterStatusParametersSetDataType_DataTypeVersion,16146,Variable
CRCL_XmlSchema_EnableRobotParameterStatusParametersSetDataType_DictionaryFragment,16147,Variable
CRCL_XmlSchema_DisableRobotParameterStatusParametersSetDataType,16148,Variable
CRCL_XmlSchema_DisableRobotParameterStatusParametersSetDataType_DataTypeVersion,16149,Variable
CRCL_XmlSchema_DisableRobotParameterStatusParametersSetDataType_DictionaryFragment,16150,Variable
CRCL_FractionDataType_Encoding_DefaultJson,16151,Object
CRCL_DataThingDataType_Encoding_DefaultJson,16152,Object
CRCL_PointDataType_Encoding_DefaultJson,16153,Object
CRCL_VectorDataType_Encoding_DefaultJson,16154,Object
CRCL_PoseDataType_Encoding_DefaultJson,16155,Object
CRCL_TwistDataType_Encoding_DefaultJson,16156,Object
CRCL_WrenchDataType_Encoding_DefaultJson,16157,Object
CRCL_PoseToleranceDataType_Encoding_DefaultJson,16158,Object
CRCL_ParameterSettingDataType_Encoding_DefaultJson,16159,Object
CRCL_RotAccelAbsoluteDataType_Encoding_DefaultJson,16160,Object
CRCL_RotAccelRelativeDataType_Encoding_DefaultJson,16161,Object
CRCL_RotAccelDataType_Encoding_DefaultJson,16162,Object
CRCL_RotSpeedAbsoluteDataType_Encoding_DefaultJson,16163,Object
CRCL_RotSpeedRelativeDataType_Encoding_DefaultJson,16164,Object
CRCL_RotSpeedDataType_Encoding_DefaultJson,16165,Object
CRCL_TransAccelAbsoluteDataType_Encoding_DefaultJson,16166,Object
CRCL_TransAccelRelativeDataType_Encoding_DefaultJson,16167,Object
CRCL_TransAccelDataType_Encoding_DefaultJson,16168,Object
CRCL_TransSpeedAbsoluteDataType_Encoding_DefaultJson,16169,Object
CRCL_TransSpeedRelativeDataType_Encoding_DefaultJson,16170,Object
CRCL_TransSpeedDataType_Encoding_DefaultJson,16171,Object
CRCL_ConfigureJointReportDataType_Encoding_DefaultJson,16172,Object
CRCL_GuardDataType_Encoding_DefaultJson,16173,Object
CRCL_JointPositionToleranceSettingDataType_Encoding_DefaultJson,16174,Object
CRCL_JointPositionsTolerancesDataType_Encoding_DefaultJson,16175,Object
CRCL_PoseAndSetDataType_Encoding_DefaultJson,16176,Object
CRCLCommandDataType_Encoding_DefaultJson,16177,Object
MiddleCommandDataType_Encoding_DefaultJson,16178,Object
EndCanonDataType_Encoding_DefaultJson,16179,Object
InitCanonDataType_Encoding_DefaultJson,16180,Object
CRCL_JointDetailsDataType_Encoding_DefaultJson,16181,Object
CRCL_ActuateJointDataType_Encoding_DefaultJson,16182,Object
CRCL_JointForceTorqueDataType_Encoding_DefaultJson,16183,Object
CRCL_JointSpeedAccelDataType_Encoding_DefaultJson,16184,Object
ActuateJointsDataType_Encoding_DefaultJson,16185,Object
MoveToDataType_Encoding_DefaultJson,16186,Object
CloseToolChangerDataType_Encoding_DefaultJson,16187,Object
DwellDataType_Encoding_DefaultJson,16188,Object
GetStatusDataType_Encoding_DefaultJson,16189,Object
MessageDataType_Encoding_DefaultJson,16190,Object
MoveScrewDataType_Encoding_DefaultJson,16191,Object
MoveThroughToDataType_Encoding_DefaultJson,16192,Object
OpenToolChangerDataType_Encoding_DefaultJson,16193,Object
RunProgramDataType_Encoding_DefaultJson,16194,Object
SetAngleUnitsDataType_Encoding_DefaultJson,16195,Object
SetEndeffectorParametersDataType_Encoding_DefaultJson,16196,Object
SetEndeffectorDataType_Encoding_DefaultJson,16197,Object
SetEndPoseToleranceDataType_Encoding_DefaultJson,16198,Object
SetForceUnitsDataType_Encoding_DefaultJson,16199,Object
SetIntermediatePoseToleranceDataType_Encoding_DefaultJson,16200,Object
SetLengthUnitsDataType_Encoding_DefaultJson,16201,Object
SetMotionCoordinationDataType_Encoding_DefaultJson,16202,Object
SetRobotParametersDataType_Encoding_DefaultJson,16203,Object
SetTorqueUnitsDataType_Encoding_DefaultJson,16204,Object
StopMotionDataType_Encoding_DefaultJson,16205,Object
ConfigureStatusReportDataType_Encoding_DefaultJson,16206,Object
EnableSensorDataType_Encoding_DefaultJson,16207,Object
DisableSensorDataType_Encoding_DefaultJson,16208,Object
EnableGripperDataType_Encoding_DefaultJson,16209,Object
DisableGripperDataType_Encoding_DefaultJson,16210,Object
EnableRobotParameterStatusDataType_Encoding_DefaultJson,16211,Object
DisableRobotParameterStatusDataType_Encoding_DefaultJson,16212,Object
SetDefaultJointPositionsTolerancesDataType_Encoding_DefaultJson,16213,Object
SetRotAccelDataType_Encoding_DefaultJson,16214,Object
SetTransAccelDataType_Encoding_DefaultJson,16215,Object
SetRotSpeedDataType_Encoding_DefaultJson,16216,Object
SetTransSpeedDataType_Encoding_DefaultJson,16217,Object
ConfigureJointReportsDataType_Encoding_DefaultJson,16218,Object
CRCL_CommandStatusDataType_Encoding_DefaultJson,16219,Object
CRCL_SensorStatusDataType_Encoding_DefaultJson,16220,Object
CRCL_CountSensorStatusDataType_Encoding_DefaultJson,16221,Object
CRCL_OnOffSensorStatusDataType_Encoding_DefaultJson,16222,Object
CRCL_ScalarSensorStatusDataType_Encoding_DefaultJson,16223,Object
CRCL_ForceTorqueSensorStatusDataType_Encoding_DefaultJson,16224,Object
CRCL_SensorStatusesDataType_Encoding_DefaultJson,16225,Object
CRCL_GripperStatusDataType_Encoding_DefaultJson,16226,Object
CRCL_ParallelGripperStatusDataType_Encoding_DefaultJson,16227,Object
CRCL_ThreeFingerGripperStatusDataType_Encoding_DefaultJson,16228,Object
CRCL_VacuumGripperStatusDataType_Encoding_DefaultJson,16229,Object
CRCL_SettingsStatusDataType_Encoding_DefaultJson,16230,Object
CRCL_PoseStatusDataType_Encoding_DefaultJson,16231,Object
CRCL_JointLimitDataType_Encoding_DefaultJson,16232,Object
CRCL_JointStatusDataType_Encoding_DefaultJson,16233,Object
CRCL_JointStatusesDataType_Encoding_DefaultJson,16234,Object
CRCLStatusDataType_Encoding_DefaultJson,16235,Object
PubSubIPAddresses_Encoding_DefaultJson,16236,Object
SAMYRobotDataType_Encoding_DefaultJson,16237,Object
CRCLCommandsUnionDataType_Encoding_DefaultJson,16238,Object
CRCLSkillDataType_Encoding_DefaultJson,16239,Object
CRCLCommandParametersSetDataType_Encoding_DefaultJson,16240,Object
InitCanonParametersSetDataType_Encoding_DefaultJson,16241,Object
EndCanonParametersSetDataType_Encoding_DefaultJson,16242,Object
GetStatusParametersSetDataType_Encoding_DefaultJson,16243,Object
CloseToolChangerParametersSetDataType_Encoding_DefaultJson,16244,Object
OpenToolChangerParametersSetDataType_Encoding_DefaultJson,16245,Object
MessageParametersSetDataType_Encoding_DefaultJson,16246,Object
MoveToParametersSetDataType_Encoding_DefaultJson,16247,Object
MoveScrewParametersSetDataType_Encoding_DefaultJson,16248,Object
MoveThroughToParametersSetDataType_Encoding_DefaultJson,16249,Object
DwellParametersSetDataType_Encoding_DefaultJson,16250,Object
ActuateJointsParametersSetDataType_Encoding_DefaultJson,16251,Object
ConfigureJointReportsParametersSetDataType_Encoding_DefaultJson,16252,Object
SetDefaultJointPositionsTolerancesParametersSetDataType_Encoding_DefaultJson,16253,Object
SetRobotParametersParametersSetDataType_Encoding_DefaultJson,16254,Object
SetEndeffectorParametersParametersSetDataType_Encoding_DefaultJson,16255,Object
SetEndeffectorParametersSetDataType_Encoding_DefaultJson,16256,Object
SetTransSpeedParametersSetDataType_Encoding_DefaultJson,16257,Object
SetTransAccelParametersSetDataType_Encoding_DefaultJson,16258,Object
SetRotSpeedParametersSetDataType_Encoding_DefaultJson,16259,Object
SetRotAccelParametersSetDataType_Encoding_DefaultJson,16260,Object
SetAngleUnitsParametersSetDataType_Encoding_DefaultJson,16261,Object
SetEndPoseToleranceParametersSetDataType_Encoding_DefaultJson,16262,Object
SetForceUnitsParametersSetDataType_Encoding_DefaultJson,16263,Object
SetIntermediatePoseToleranceParametersSetDataType_Encoding_DefaultJson,16264,Object
SetLengthUnitsParametersSetDataType_Encoding_DefaultJson,16265,Object
SetMotionCoordinationParametersSetDataType_Encoding_DefaultJson,16266,Object
SetTorqueUnitsParametersSetDataType_Encoding_DefaultJson,16267,Object
StopMotionParametersSetDataType_Encoding_DefaultJson,16268,Object
ConfigureStatusReportParametersSetDataType_Encoding_DefaultJson,16269,Object
EnableSensorParametersSetDataType_Encoding_DefaultJson,16270,Object
DisableSensorParametersSetDataType_Encoding_DefaultJson,16271,Object
EnableGripperParametersSetDataType_Encoding_DefaultJson,16272,Object
DisableGripperParametersSetDataType_Encoding_DefaultJson,16273,Object
EnableRobotParameterStatusParametersSetDataType_Encoding_DefaultJson,16274,Object
DisableRobotParameterStatusParametersSetDataType_Encoding_DefaultJson,16275,Object
