ActuateJointsDataType,15048,DataType
ActuateJointsDataType_Encoding_DefaultBinary,15177,Object
ActuateJointsDataType_Encoding_DefaultJson,16185,Object
ActuateJointsDataType_Encoding_DefaultXml,15681,Object
ActuateJointsParametersSetDataType,15118,DataType
ActuateJointsParametersSetDataType_Encoding_DefaultBinary,15243,Object
ActuateJointsParametersSetDataType_Encoding_DefaultJson,16251,Object
ActuateJointsParametersSetDataType_Encoding_DefaultXml,15747,Object
CloseToolChangerDataType,15050,DataType
CloseToolChangerDataType_Encoding_DefaultBinary,15179,Object
CloseToolChangerDataType_Encoding_DefaultJson,16187,Object
CloseToolChangerDataType_Encoding_DefaultXml,15683,Object
CloseToolChangerParametersSetDataType,15111,DataType
CloseToolChangerParametersSetDataType_Encoding_DefaultBinary,15236,Object
CloseToolChangerParametersSetDataType_Encoding_DefaultJson,16244,Object
CloseToolChangerParametersSetDataType_Encoding_DefaultXml,15740,Object
ConfigureJointReportsDataType,15081,DataType
ConfigureJointReportsDataType_Encoding_DefaultBinary,15210,Object
ConfigureJointReportsDataType_Encoding_DefaultJson,16218,Object
ConfigureJointReportsDataType_Encoding_DefaultXml,15714,Object
ConfigureJointReportsParametersSetDataType,15119,DataType
ConfigureJointReportsParametersSetDataType_Encoding_DefaultBinary,15244,Object
ConfigureJointReportsParametersSetDataType_Encoding_DefaultJson,16252,Object
ConfigureJointReportsParametersSetDataType_Encoding_DefaultXml,15748,Object
ConfigureStatusReportDataType,15069,DataType
ConfigureStatusReportDataType_Encoding_DefaultBinary,15198,Object
ConfigureStatusReportDataType_Encoding_DefaultJson,16206,Object
ConfigureStatusReportDataType_Encoding_DefaultXml,15702,Object
ConfigureStatusReportParametersSetDataType,15136,DataType
ConfigureStatusReportParametersSetDataType_Encoding_DefaultBinary,15261,Object
ConfigureStatusReportParametersSetDataType_Encoding_DefaultJson,16269,Object
ConfigureStatusReportParametersSetDataType_Encoding_DefaultXml,15765,Object
CRCL_ActuateJointDataType,15045,DataType
CRCL_ActuateJointDataType_Encoding_DefaultBinary,15174,Object
CRCL_ActuateJointDataType_Encoding_DefaultJson,16182,Object
CRCL_ActuateJointDataType_Encoding_DefaultXml,15678,Object
CRCL_AngleUnitEnumDataType,15003,DataType
CRCL_BinarySchema,15268,Variable
CRCL_CommandStateEnumDataType,15082,DataType
CRCL_CommandStatusDataType,15084,DataType
CRCL_CommandStatusDataType_Encoding_DefaultBinary,15211,Object
CRCL_CommandStatusDataType_Encoding_DefaultJson,16219,Object
CRCL_CommandStatusDataType_Encoding_DefaultXml,15715,Object
CRCL_ConfigureJointReportDataType,15033,DataType
CRCL_ConfigureJointReportDataType_Encoding_DefaultBinary,15164,Object
CRCL_ConfigureJointReportDataType_Encoding_DefaultJson,16172,Object
CRCL_ConfigureJointReportDataType_Encoding_DefaultXml,15668,Object
CRCL_CountSensorStatusDataType,15086,DataType
CRCL_CountSensorStatusDataType_Encoding_DefaultBinary,15213,Object
CRCL_CountSensorStatusDataType_Encoding_DefaultJson,16221,Object
CRCL_CountSensorStatusDataType_Encoding_DefaultXml,15717,Object
CRCL_DataThingDataType,15010,DataType
CRCL_DataThingDataType_Encoding_DefaultBinary,15144,Object
CRCL_DataThingDataType_Encoding_DefaultJson,16152,Object
CRCL_DataThingDataType_Encoding_DefaultXml,15648,Object
CRCL_ForceTorqueSensorStatusDataType,15089,DataType
CRCL_ForceTorqueSensorStatusDataType_Encoding_DefaultBinary,15216,Object
CRCL_ForceTorqueSensorStatusDataType_Encoding_DefaultJson,16224,Object
CRCL_ForceTorqueSensorStatusDataType_Encoding_DefaultXml,15720,Object
CRCL_ForceUnitEnumDataType,15005,DataType
CRCL_FractionDataType,15007,DataType
CRCL_FractionDataType_Encoding_DefaultBinary,15143,Object
CRCL_FractionDataType_Encoding_DefaultJson,16151,Object
CRCL_FractionDataType_Encoding_DefaultXml,15647,Object
CRCL_GripperStatusDataType,15091,DataType
CRCL_GripperStatusDataType_Encoding_DefaultBinary,15218,Object
CRCL_GripperStatusDataType_Encoding_DefaultJson,16226,Object
CRCL_GripperStatusDataType_Encoding_DefaultXml,15722,Object
CRCL_GuardDataType,15036,DataType
CRCL_GuardDataType_Encoding_DefaultBinary,15165,Object
CRCL_GuardDataType_Encoding_DefaultJson,16173,Object
CRCL_GuardDataType_Encoding_DefaultXml,15669,Object
CRCL_GuardLimitEnumDataType,15034,DataType
CRCL_JointDetailsDataType,15044,DataType
CRCL_JointDetailsDataType_Encoding_DefaultBinary,15173,Object
CRCL_JointDetailsDataType_Encoding_DefaultJson,16181,Object
CRCL_JointDetailsDataType_Encoding_DefaultXml,15677,Object
CRCL_JointForceTorqueDataType,15046,DataType
CRCL_JointForceTorqueDataType_Encoding_DefaultBinary,15175,Object
CRCL_JointForceTorqueDataType_Encoding_DefaultJson,16183,Object
CRCL_JointForceTorqueDataType_Encoding_DefaultXml,15679,Object
CRCL_JointLimitDataType,15097,DataType
CRCL_JointLimitDataType_Encoding_DefaultBinary,15224,Object
CRCL_JointLimitDataType_Encoding_DefaultJson,16232,Object
CRCL_JointLimitDataType_Encoding_DefaultXml,15728,Object
CRCL_JointPositionsTolerancesDataType,15038,DataType
CRCL_JointPositionsTolerancesDataType_Encoding_DefaultBinary,15167,Object
CRCL_JointPositionsTolerancesDataType_Encoding_DefaultJson,16175,Object
CRCL_JointPositionsTolerancesDataType_Encoding_DefaultXml,15671,Object
CRCL_JointPositionToleranceSettingDataType,15037,DataType
CRCL_JointPositionToleranceSettingDataType_Encoding_DefaultBinary,15166,Object
CRCL_JointPositionToleranceSettingDataType_Encoding_DefaultJson,16174,Object
CRCL_JointPositionToleranceSettingDataType_Encoding_DefaultXml,15670,Object
CRCL_JointSpeedAccelDataType,15047,DataType
CRCL_JointSpeedAccelDataType_Encoding_DefaultBinary,15176,Object
CRCL_JointSpeedAccelDataType_Encoding_DefaultJson,16184,Object
CRCL_JointSpeedAccelDataType_Encoding_DefaultXml,15680,Object
CRCL_JointStatusDataType,15098,DataType
CRCL_JointStatusDataType_Encoding_DefaultBinary,15225,Object
CRCL_JointStatusDataType_Encoding_DefaultJson,16233,Object
CRCL_JointStatusDataType_Encoding_DefaultXml,15729,Object
CRCL_JointStatusesDataType,15099,DataType
CRCL_JointStatusesDataType_Encoding_DefaultBinary,15226,Object
CRCL_JointStatusesDataType_Encoding_DefaultJson,16234,Object
CRCL_JointStatusesDataType_Encoding_DefaultXml,15730,Object
CRCL_LengthUnitEnumDataType,15008,DataType
CRCL_OnOffSensorStatusDataType,15087,DataType
CRCL_OnOffSensorStatusDataType_Encoding_DefaultBinary,15214,Object
CRCL_OnOffSensorStatusDataType_Encoding_DefaultJson,16222,Object
CRCL_OnOffSensorStatusDataType_Encoding_DefaultXml,15718,Object
CRCL_ParallelGripperStatusDataType,15092,DataType
CRCL_ParallelGripperStatusDataType_Encoding_DefaultBinary,15219,Object
CRCL_ParallelGripperStatusDataType_Encoding_DefaultJson,16227,Object
CRCL_ParallelGripperStatusDataType_Encoding_DefaultXml,15723,Object
CRCL_ParameterSettingDataType,15020,DataType
CRCL_ParameterSettingDataType_Encoding_DefaultBinary,15151,Object
CRCL_ParameterSettingDataType_Encoding_DefaultJson,16159,Object
CRCL_ParameterSettingDataType_Encoding_DefaultXml,15655,Object
CRCL_PointDataType,15011,DataType
CRCL_PointDataType_Encoding_DefaultBinary,15145,Object
CRCL_PointDataType_Encoding_DefaultJson,16153,Object
CRCL_PointDataType_Encoding_DefaultXml,15649,Object
CRCL_PoseAndSetDataType,15039,DataType
CRCL_PoseAndSetDataType_Encoding_DefaultBinary,15168,Object
CRCL_PoseAndSetDataType_Encoding_DefaultJson,16176,Object
CRCL_PoseAndSetDataType_Encoding_DefaultXml,15672,Object
CRCL_PoseDataType,15013,DataType
CRCL_PoseDataType_Encoding_DefaultBinary,15147,Object
CRCL_PoseDataType_Encoding_DefaultJson,16155,Object
CRCL_PoseDataType_Encoding_DefaultXml,15651,Object
CRCL_PoseStatusDataType,15096,DataType
CRCL_PoseStatusDataType_Encoding_DefaultBinary,15223,Object
CRCL_PoseStatusDataType_Encoding_DefaultJson,16231,Object
CRCL_PoseStatusDataType_Encoding_DefaultXml,15727,Object
CRCL_PoseToleranceDataType,15019,DataType
CRCL_PoseToleranceDataType_Encoding_DefaultBinary,15150,Object
CRCL_PoseToleranceDataType_Encoding_DefaultJson,16158,Object
CRCL_PoseToleranceDataType_Encoding_DefaultXml,15654,Object
CRCL_PositiveDecimalDataType,15014,DataType
CRCL_RotAccelAbsoluteDataType,15021,DataType
CRCL_RotAccelAbsoluteDataType_Encoding_DefaultBinary,15152,Object
CRCL_RotAccelAbsoluteDataType_Encoding_DefaultJson,16160,Object
CRCL_RotAccelAbsoluteDataType_Encoding_DefaultXml,15656,Object
CRCL_RotAccelDataType,15023,DataType
CRCL_RotAccelDataType_Encoding_DefaultBinary,15154,Object
CRCL_RotAccelDataType_Encoding_DefaultJson,16162,Object
CRCL_RotAccelDataType_Encoding_DefaultXml,15658,Object
CRCL_RotAccelRelativeDataType,15022,DataType
CRCL_RotAccelRelativeDataType_Encoding_DefaultBinary,15153,Object
CRCL_RotAccelRelativeDataType_Encoding_DefaultJson,16161,Object
CRCL_RotAccelRelativeDataType_Encoding_DefaultXml,15657,Object
CRCL_RotSpeedAbsoluteDataType,15024,DataType
CRCL_RotSpeedAbsoluteDataType_Encoding_DefaultBinary,15155,Object
CRCL_RotSpeedAbsoluteDataType_Encoding_DefaultJson,16163,Object
CRCL_RotSpeedAbsoluteDataType_Encoding_DefaultXml,15659,Object
CRCL_RotSpeedDataType,15026,DataType
CRCL_RotSpeedDataType_Encoding_DefaultBinary,15157,Object
CRCL_RotSpeedDataType_Encoding_DefaultJson,16165,Object
CRCL_RotSpeedDataType_Encoding_DefaultXml,15661,Object
CRCL_RotSpeedRelativeDataType,15025,DataType
CRCL_RotSpeedRelativeDataType_Encoding_DefaultBinary,15156,Object
CRCL_RotSpeedRelativeDataType_Encoding_DefaultJson,16164,Object
CRCL_RotSpeedRelativeDataType_Encoding_DefaultXml,15660,Object
CRCL_ScalarSensorStatusDataType,15088,DataType
CRCL_ScalarSensorStatusDataType_Encoding_DefaultBinary,15215,Object
CRCL_ScalarSensorStatusDataType_Encoding_DefaultJson,16223,Object
CRCL_ScalarSensorStatusDataType_Encoding_DefaultXml,15719,Object
CRCL_SensorStatusDataType,15085,DataType
CRCL_SensorStatusDataType_Encoding_DefaultBinary,15212,Object
CRCL_SensorStatusDataType_Encoding_DefaultJson,16220,Object
CRCL_SensorStatusDataType_Encoding_DefaultXml,15716,Object
CRCL_SensorStatusesDataType,15090,DataType
CRCL_SensorStatusesDataType_Encoding_DefaultBinary,15217,Object
CRCL_SensorStatusesDataType_Encoding_DefaultJson,16225,Object
CRCL_SensorStatusesDataType_Encoding_DefaultXml,15721,Object
CRCL_SettingsStatusDataType,15095,DataType
CRCL_SettingsStatusDataType_Encoding_DefaultBinary,15222,Object
CRCL_SettingsStatusDataType_Encoding_DefaultJson,16230,Object
CRCL_SettingsStatusDataType_Encoding_DefaultXml,15726,Object
CRCL_StopConditionEnumDataType,15001,DataType
CRCL_ThreeFingerGripperStatusDataType,15093,DataType
CRCL_ThreeFingerGripperStatusDataType_Encoding_DefaultBinary,15220,Object
CRCL_ThreeFingerGripperStatusDataType_Encoding_DefaultJson,16228,Object
CRCL_ThreeFingerGripperStatusDataType_Encoding_DefaultXml,15724,Object
CRCL_TorqueUnitEnumDataType,15015,DataType
CRCL_TransAccelAbsoluteDataType,15027,DataType
CRCL_TransAccelAbsoluteDataType_Encoding_DefaultBinary,15158,Object
CRCL_TransAccelAbsoluteDataType_Encoding_DefaultJson,16166,Object
CRCL_TransAccelAbsoluteDataType_Encoding_DefaultXml,15662,Object
CRCL_TransAccelDataType,15029,DataType
CRCL_TransAccelDataType_Encoding_DefaultBinary,15160,Object
CRCL_TransAccelDataType_Encoding_DefaultJson,16168,Object
CRCL_TransAccelDataType_Encoding_DefaultXml,15664,Object
CRCL_TransAccelRelativeDataType,15028,DataType
CRCL_TransAccelRelativeDataType_Encoding_DefaultBinary,15159,Object
CRCL_TransAccelRelativeDataType_Encoding_DefaultJson,16167,Object
CRCL_TransAccelRelativeDataType_Encoding_DefaultXml,15663,Object
CRCL_TransSpeedAbsoluteDataType,15030,DataType
CRCL_TransSpeedAbsoluteDataType_Encoding_DefaultBinary,15161,Object
CRCL_TransSpeedAbsoluteDataType_Encoding_DefaultJson,16169,Object
CRCL_TransSpeedAbsoluteDataType_Encoding_DefaultXml,15665,Object
CRCL_TransSpeedDataType,15032,DataType
CRCL_TransSpeedDataType_Encoding_DefaultBinary,15163,Object
CRCL_TransSpeedDataType_Encoding_DefaultJson,16171,Object
CRCL_TransSpeedDataType_Encoding_DefaultXml,15667,Object
CRCL_TransSpeedRelativeDataType,15031,DataType
CRCL_TransSpeedRelativeDataType_Encoding_DefaultBinary,15162,Object
CRCL_TransSpeedRelativeDataType_Encoding_DefaultJson,16170,Object
CRCL_TransSpeedRelativeDataType_Encoding_DefaultXml,15666,Object
CRCL_TwistDataType,15017,DataType
CRCL_TwistDataType_Encoding_DefaultBinary,15148,Object
CRCL_TwistDataType_Encoding_DefaultJson,16156,Object
CRCL_TwistDataType_Encoding_DefaultXml,15652,Object
CRCL_VacuumGripperStatusDataType,15094,DataType
CRCL_VacuumGripperStatusDataType_Encoding_DefaultBinary,15221,Object
CRCL_VacuumGripperStatusDataType_Encoding_DefaultJson,16229,Object
CRCL_VacuumGripperStatusDataType_Encoding_DefaultXml,15725,Object
CRCL_VectorDataType,15012,DataType
CRCL_VectorDataType_Encoding_DefaultBinary,15146,Object
CRCL_VectorDataType_Encoding_DefaultJson,16154,Object
CRCL_VectorDataType_Encoding_DefaultXml,15650,Object
CRCL_WrenchDataType,15018,DataType
CRCL_WrenchDataType_Encoding_DefaultBinary,15149,Object
CRCL_WrenchDataType_Encoding_DefaultJson,16157,Object
CRCL_WrenchDataType_Encoding_DefaultXml,15653,Object
CRCL_XmlSchema,15772,Variable
CRCLCommandDataType,15040,DataType
CRCLCommandDataType_Encoding_DefaultBinary,15169,Object
CRCLCommandDataType_Encoding_DefaultJson,16177,Object
CRCLCommandDataType_Encoding_DefaultXml,15673,Object
CRCLCommandParametersSetDataType,15107,DataType
CRCLCommandParametersSetDataType_Encoding_DefaultBinary,15232,Object
CRCLCommandParametersSetDataType_Encoding_DefaultJson,16240,Object
CRCLCommandParametersSetDataType_Encoding_DefaultXml,15736,Object
CRCLCommandsUnionDataType,15103,DataType
CRCLCommandsUnionDataType_Encoding_DefaultBinary,15230,Object
CRCLCommandsUnionDataType_Encoding_DefaultJson,16238,Object
CRCLCommandsUnionDataType_Encoding_DefaultXml,15734,Object
CRCLSkillDataType,15104,DataType
CRCLSkillDataType_Encoding_DefaultBinary,15231,Object
CRCLSkillDataType_Encoding_DefaultJson,16239,Object
CRCLSkillDataType_Encoding_DefaultXml,15735,Object
CRCLStatusDataType,15100,DataType
CRCLStatusDataType_Encoding_DefaultBinary,15227,Object
CRCLStatusDataType_Encoding_DefaultJson,16235,Object
CRCLStatusDataType_Encoding_DefaultXml,15731,Object
DisableGripperDataType,15073,DataType
DisableGripperDataType_Encoding_DefaultBinary,15202,Object
DisableGripperDataType_Encoding_DefaultJson,16210,Object
DisableGripperDataType_Encoding_DefaultXml,15706,Object
DisableGripperParametersSetDataType,15140,DataType
DisableGripperParametersSetDataType_Encoding_DefaultBinary,15265,Object
DisableGripperParametersSetDataType_Encoding_DefaultJson,16273,Object
DisableGripperParametersSetDataType_Encoding_DefaultXml,15769,Object
DisableRobotParameterStatusDataType,15075,DataType
DisableRobotParameterStatusDataType_Encoding_DefaultBinary,15204,Object
DisableRobotParameterStatusDataType_Encoding_DefaultJson,16212,Object
DisableRobotParameterStatusDataType_Encoding_DefaultXml,15708,Object
DisableRobotParameterStatusParametersSetDataType,15142,DataType
DisableRobotParameterStatusParametersSetDataType_Encoding_DefaultBinary,15267,Object
DisableRobotParameterStatusParametersSetDataType_Encoding_DefaultJson,16275,Object
DisableRobotParameterStatusParametersSetDataType_Encoding_DefaultXml,15771,Object
DisableSensorDataType,15071,DataType
DisableSensorDataType_Encoding_DefaultBinary,15200,Object
DisableSensorDataType_Encoding_DefaultJson,16208,Object
DisableSensorDataType_Encoding_DefaultXml,15704,Object
DisableSensorParametersSetDataType,15138,DataType
DisableSensorParametersSetDataType_Encoding_DefaultBinary,15263,Object
DisableSensorParametersSetDataType_Encoding_DefaultJson,16271,Object
DisableSensorParametersSetDataType_Encoding_DefaultXml,15767,Object
DwellDataType,15051,DataType
DwellDataType_Encoding_DefaultBinary,15180,Object
DwellDataType_Encoding_DefaultJson,16188,Object
DwellDataType_Encoding_DefaultXml,15684,Object
DwellParametersSetDataType,15117,DataType
DwellParametersSetDataType_Encoding_DefaultBinary,15242,Object
DwellParametersSetDataType_Encoding_DefaultJson,16250,Object
DwellParametersSetDataType_Encoding_DefaultXml,15746,Object
EnableGripperDataType,15072,DataType
EnableGripperDataType_Encoding_DefaultBinary,15201,Object
EnableGripperDataType_Encoding_DefaultJson,16209,Object
EnableGripperDataType_Encoding_DefaultXml,15705,Object
EnableGripperParametersSetDataType,15139,DataType
EnableGripperParametersSetDataType_Encoding_DefaultBinary,15264,Object
EnableGripperParametersSetDataType_Encoding_DefaultJson,16272,Object
EnableGripperParametersSetDataType_Encoding_DefaultXml,15768,Object
EnableRobotParameterStatusDataType,15074,DataType
EnableRobotParameterStatusDataType_Encoding_DefaultBinary,15203,Object
EnableRobotParameterStatusDataType_Encoding_DefaultJson,16211,Object
EnableRobotParameterStatusDataType_Encoding_DefaultXml,15707,Object
EnableRobotParameterStatusParametersSetDataType,15141,DataType
EnableRobotParameterStatusParametersSetDataType_Encoding_DefaultBinary,15266,Object
EnableRobotParameterStatusParametersSetDataType_Encoding_DefaultJson,16274,Object
EnableRobotParameterStatusParametersSetDataType_Encoding_DefaultXml,15770,Object
EnableSensorDataType,15070,DataType
EnableSensorDataType_Encoding_DefaultBinary,15199,Object
EnableSensorDataType_Encoding_DefaultJson,16207,Object
EnableSensorDataType_Encoding_DefaultXml,15703,Object
EnableSensorParametersSetDataType,15137,DataType
EnableSensorParametersSetDataType_Encoding_DefaultBinary,15262,Object
EnableSensorParametersSetDataType_Encoding_DefaultJson,16270,Object
EnableSensorParametersSetDataType_Encoding_DefaultXml,15766,Object
EndCanonDataType,15042,DataType
EndCanonDataType_Encoding_DefaultBinary,15171,Object
EndCanonDataType_Encoding_DefaultJson,16179,Object
EndCanonDataType_Encoding_DefaultXml,15675,Object
EndCanonParametersSetDataType,15109,DataType
EndCanonParametersSetDataType_Encoding_DefaultBinary,15234,Object
EndCanonParametersSetDataType_Encoding_DefaultJson,16242,Object
EndCanonParametersSetDataType_Encoding_DefaultXml,15738,Object
GetStatusDataType,15052,DataType
GetStatusDataType_Encoding_DefaultBinary,15181,Object
GetStatusDataType_Encoding_DefaultJson,16189,Object
GetStatusDataType_Encoding_DefaultXml,15685,Object
GetStatusParametersSetDataType,15110,DataType
GetStatusParametersSetDataType_Encoding_DefaultBinary,15235,Object
GetStatusParametersSetDataType_Encoding_DefaultJson,16243,Object
GetStatusParametersSetDataType_Encoding_DefaultXml,15739,Object
InitCanonDataType,15043,DataType
InitCanonDataType_Encoding_DefaultBinary,15172,Object
InitCanonDataType_Encoding_DefaultJson,16180,Object
InitCanonDataType_Encoding_DefaultXml,15676,Object
InitCanonParametersSetDataType,15108,DataType
InitCanonParametersSetDataType_Encoding_DefaultBinary,15233,Object
InitCanonParametersSetDataType_Encoding_DefaultJson,16241,Object
InitCanonParametersSetDataType_Encoding_DefaultXml,15737,Object
ISkillParameter,15105,ObjectType
MessageDataType,15053,DataType
MessageDataType_Encoding_DefaultBinary,15182,Object
MessageDataType_Encoding_DefaultJson,16190,Object
MessageDataType_Encoding_DefaultXml,15686,Object
MessageParametersSetDataType,15113,DataType
MessageParametersSetDataType_Encoding_DefaultBinary,15238,Object
MessageParametersSetDataType_Encoding_DefaultJson,16246,Object
MessageParametersSetDataType_Encoding_DefaultXml,15742,Object
MiddleCommandDataType,15041,DataType
MiddleCommandDataType_Encoding_DefaultBinary,15170,Object
MiddleCommandDataType_Encoding_DefaultJson,16178,Object
MiddleCommandDataType_Encoding_DefaultXml,15674,Object
MoveScrewDataType,15054,DataType
MoveScrewDataType_Encoding_DefaultBinary,15183,Object
MoveScrewDataType_Encoding_DefaultJson,16191,Object
MoveScrewDataType_Encoding_DefaultXml,15687,Object
MoveScrewParametersSetDataType,15115,DataType
MoveScrewParametersSetDataType_Encoding_DefaultBinary,15240,Object
MoveScrewParametersSetDataType_Encoding_DefaultJson,16248,Object
MoveScrewParametersSetDataType_Encoding_DefaultXml,15744,Object
MoveThroughToDataType,15055,DataType
MoveThroughToDataType_Encoding_DefaultBinary,15184,Object
MoveThroughToDataType_Encoding_DefaultJson,16192,Object
MoveThroughToDataType_Encoding_DefaultXml,15688,Object
MoveThroughToParametersSetDataType,15116,DataType
MoveThroughToParametersSetDataType_Encoding_DefaultBinary,15241,Object
MoveThroughToParametersSetDataType_Encoding_DefaultJson,16249,Object
MoveThroughToParametersSetDataType_Encoding_DefaultXml,15745,Object
MoveToDataType,15049,DataType
MoveToDataType_Encoding_DefaultBinary,15178,Object
MoveToDataType_Encoding_DefaultJson,16186,Object
MoveToDataType_Encoding_DefaultXml,15682,Object
MoveToParametersSetDataType,15114,DataType
MoveToParametersSetDataType_Encoding_DefaultBinary,15239,Object
MoveToParametersSetDataType_Encoding_DefaultJson,16247,Object
MoveToParametersSetDataType_Encoding_DefaultXml,15743,Object
OpenToolChangerDataType,15056,DataType
OpenToolChangerDataType_Encoding_DefaultBinary,15185,Object
OpenToolChangerDataType_Encoding_DefaultJson,16193,Object
OpenToolChangerDataType_Encoding_DefaultXml,15689,Object
OpenToolChangerParametersSetDataType,15112,DataType
OpenToolChangerParametersSetDataType_Encoding_DefaultBinary,15237,Object
OpenToolChangerParametersSetDataType_Encoding_DefaultJson,16245,Object
OpenToolChangerParametersSetDataType_Encoding_DefaultXml,15741,Object
PubSubIPAddresses,15101,DataType
PubSubIPAddresses_Encoding_DefaultBinary,15228,Object
PubSubIPAddresses_Encoding_DefaultJson,16236,Object
PubSubIPAddresses_Encoding_DefaultXml,15732,Object
RunProgramDataType,15057,DataType
RunProgramDataType_Encoding_DefaultBinary,15186,Object
RunProgramDataType_Encoding_DefaultJson,16194,Object
RunProgramDataType_Encoding_DefaultXml,15690,Object
SAMYRobotDataType,15102,DataType
SAMYRobotDataType_Encoding_DefaultBinary,15229,Object
SAMYRobotDataType_Encoding_DefaultJson,16237,Object
SAMYRobotDataType_Encoding_DefaultXml,15733,Object
SetAngleUnitsDataType,15058,DataType
SetAngleUnitsDataType_Encoding_DefaultBinary,15187,Object
SetAngleUnitsDataType_Encoding_DefaultJson,16195,Object
SetAngleUnitsDataType_Encoding_DefaultXml,15691,Object
SetAngleUnitsParametersSetDataType,15128,DataType
SetAngleUnitsParametersSetDataType_Encoding_DefaultBinary,15253,Object
SetAngleUnitsParametersSetDataType_Encoding_DefaultJson,16261,Object
SetAngleUnitsParametersSetDataType_Encoding_DefaultXml,15757,Object
SetDefaultJointPositionsTolerancesDataType,15076,DataType
SetDefaultJointPositionsTolerancesDataType_Encoding_DefaultBinary,15205,Object
SetDefaultJointPositionsTolerancesDataType_Encoding_DefaultJson,16213,Object
SetDefaultJointPositionsTolerancesDataType_Encoding_DefaultXml,15709,Object
SetDefaultJointPositionsTolerancesParametersSetDataType,15120,DataType
SetDefaultJointPositionsTolerancesParametersSetDataType_Encoding_DefaultBinary,15245,Object
SetDefaultJointPositionsTolerancesParametersSetDataType_Encoding_DefaultJson,16253,Object
SetDefaultJointPositionsTolerancesParametersSetDataType_Encoding_DefaultXml,15749,Object
SetEndeffectorDataType,15060,DataType
SetEndeffectorDataType_Encoding_DefaultBinary,15189,Object
SetEndeffectorDataType_Encoding_DefaultJson,16197,Object
SetEndeffectorDataType_Encoding_DefaultXml,15693,Object
SetEndeffectorParametersDataType,15059,DataType
SetEndeffectorParametersDataType_Encoding_DefaultBinary,15188,Object
SetEndeffectorParametersDataType_Encoding_DefaultJson,16196,Object
SetEndeffectorParametersDataType_Encoding_DefaultXml,15692,Object
SetEndeffectorParametersParametersSetDataType,15122,DataType
SetEndeffectorParametersParametersSetDataType_Encoding_DefaultBinary,15247,Object
SetEndeffectorParametersParametersSetDataType_Encoding_DefaultJson,16255,Object
SetEndeffectorParametersParametersSetDataType_Encoding_DefaultXml,15751,Object
SetEndeffectorParametersSetDataType,15123,DataType
SetEndeffectorParametersSetDataType_Encoding_DefaultBinary,15248,Object
SetEndeffectorParametersSetDataType_Encoding_DefaultJson,16256,Object
SetEndeffectorParametersSetDataType_Encoding_DefaultXml,15752,Object
SetEndPoseToleranceDataType,15061,DataType
SetEndPoseToleranceDataType_Encoding_DefaultBinary,15190,Object
SetEndPoseToleranceDataType_Encoding_DefaultJson,16198,Object
SetEndPoseToleranceDataType_Encoding_DefaultXml,15694,Object
SetEndPoseToleranceParametersSetDataType,15129,DataType
SetEndPoseToleranceParametersSetDataType_Encoding_DefaultBinary,15254,Object
SetEndPoseToleranceParametersSetDataType_Encoding_DefaultJson,16262,Object
SetEndPoseToleranceParametersSetDataType_Encoding_DefaultXml,15758,Object
SetForceUnitsDataType,15062,DataType
SetForceUnitsDataType_Encoding_DefaultBinary,15191,Object
SetForceUnitsDataType_Encoding_DefaultJson,16199,Object
SetForceUnitsDataType_Encoding_DefaultXml,15695,Object
SetForceUnitsParametersSetDataType,15130,DataType
SetForceUnitsParametersSetDataType_Encoding_DefaultBinary,15255,Object
SetForceUnitsParametersSetDataType_Encoding_DefaultJson,16263,Object
SetForceUnitsParametersSetDataType_Encoding_DefaultXml,15759,Object
SetIntermediatePoseToleranceDataType,15063,DataType
SetIntermediatePoseToleranceDataType_Encoding_DefaultBinary,15192,Object
SetIntermediatePoseToleranceDataType_Encoding_DefaultJson,16200,Object
SetIntermediatePoseToleranceDataType_Encoding_DefaultXml,15696,Object
SetIntermediatePoseToleranceParametersSetDataType,15131,DataType
SetIntermediatePoseToleranceParametersSetDataType_Encoding_DefaultBinary,15256,Object
SetIntermediatePoseToleranceParametersSetDataType_Encoding_DefaultJson,16264,Object
SetIntermediatePoseToleranceParametersSetDataType_Encoding_DefaultXml,15760,Object
SetLengthUnitsDataType,15064,DataType
SetLengthUnitsDataType_Encoding_DefaultBinary,15193,Object
SetLengthUnitsDataType_Encoding_DefaultJson,16201,Object
SetLengthUnitsDataType_Encoding_DefaultXml,15697,Object
SetLengthUnitsParametersSetDataType,15132,DataType
SetLengthUnitsParametersSetDataType_Encoding_DefaultBinary,15257,Object
SetLengthUnitsParametersSetDataType_Encoding_DefaultJson,16265,Object
SetLengthUnitsParametersSetDataType_Encoding_DefaultXml,15761,Object
SetMotionCoordinationDataType,15065,DataType
SetMotionCoordinationDataType_Encoding_DefaultBinary,15194,Object
SetMotionCoordinationDataType_Encoding_DefaultJson,16202,Object
SetMotionCoordinationDataType_Encoding_DefaultXml,15698,Object
SetMotionCoordinationParametersSetDataType,15133,DataType
SetMotionCoordinationParametersSetDataType_Encoding_DefaultBinary,15258,Object
SetMotionCoordinationParametersSetDataType_Encoding_DefaultJson,16266,Object
SetMotionCoordinationParametersSetDataType_Encoding_DefaultXml,15762,Object
SetRobotParametersDataType,15066,DataType
SetRobotParametersDataType_Encoding_DefaultBinary,15195,Object
SetRobotParametersDataType_Encoding_DefaultJson,16203,Object
SetRobotParametersDataType_Encoding_DefaultXml,15699,Object
SetRobotParametersParametersSetDataType,15121,DataType
SetRobotParametersParametersSetDataType_Encoding_DefaultBinary,15246,Object
SetRobotParametersParametersSetDataType_Encoding_DefaultJson,16254,Object
SetRobotParametersParametersSetDataType_Encoding_DefaultXml,15750,Object
SetRotAccelDataType,15077,DataType
SetRotAccelDataType_Encoding_DefaultBinary,15206,Object
SetRotAccelDataType_Encoding_DefaultJson,16214,Object
SetRotAccelDataType_Encoding_DefaultXml,15710,Object
SetRotAccelParametersSetDataType,15127,DataType
SetRotAccelParametersSetDataType_Encoding_DefaultBinary,15252,Object
SetRotAccelParametersSetDataType_Encoding_DefaultJson,16260,Object
SetRotAccelParametersSetDataType_Encoding_DefaultXml,15756,Object
SetRotSpeedDataType,15079,DataType
SetRotSpeedDataType_Encoding_DefaultBinary,15208,Object
SetRotSpeedDataType_Encoding_DefaultJson,16216,Object
SetRotSpeedDataType_Encoding_DefaultXml,15712,Object
SetRotSpeedParametersSetDataType,15126,DataType
SetRotSpeedParametersSetDataType_Encoding_DefaultBinary,15251,Object
SetRotSpeedParametersSetDataType_Encoding_DefaultJson,16259,Object
SetRotSpeedParametersSetDataType_Encoding_DefaultXml,15755,Object
SetTorqueUnitsDataType,15067,DataType
SetTorqueUnitsDataType_Encoding_DefaultBinary,15196,Object
SetTorqueUnitsDataType_Encoding_DefaultJson,16204,Object
SetTorqueUnitsDataType_Encoding_DefaultXml,15700,Object
SetTorqueUnitsParametersSetDataType,15134,DataType
SetTorqueUnitsParametersSetDataType_Encoding_DefaultBinary,15259,Object
SetTorqueUnitsParametersSetDataType_Encoding_DefaultJson,16267,Object
SetTorqueUnitsParametersSetDataType_Encoding_DefaultXml,15763,Object
SetTransAccelDataType,15078,DataType
SetTransAccelDataType_Encoding_DefaultBinary,15207,Object
SetTransAccelDataType_Encoding_DefaultJson,16215,Object
SetTransAccelDataType_Encoding_DefaultXml,15711,Object
SetTransAccelParametersSetDataType,15125,DataType
SetTransAccelParametersSetDataType_Encoding_DefaultBinary,15250,Object
SetTransAccelParametersSetDataType_Encoding_DefaultJson,16258,Object
SetTransAccelParametersSetDataType_Encoding_DefaultXml,15754,Object
SetTransSpeedDataType,15080,DataType
SetTransSpeedDataType_Encoding_DefaultBinary,15209,Object
SetTransSpeedDataType_Encoding_DefaultJson,16217,Object
SetTransSpeedDataType_Encoding_DefaultXml,15713,Object
SetTransSpeedParametersSetDataType,15124,DataType
SetTransSpeedParametersSetDataType_Encoding_DefaultBinary,15249,Object
SetTransSpeedParametersSetDataType_Encoding_DefaultJson,16257,Object
SetTransSpeedParametersSetDataType_Encoding_DefaultXml,15753,Object
StopMotionDataType,15068,DataType
StopMotionDataType_Encoding_DefaultBinary,15197,Object
StopMotionDataType_Encoding_DefaultJson,16205,Object
StopMotionDataType_Encoding_DefaultXml,15701,Object
StopMotionParametersSetDataType,15135,DataType
StopMotionParametersSetDataType_Encoding_DefaultBinary,15260,Object
StopMotionParametersSetDataType_Encoding_DefaultJson,16268,Object
StopMotionParametersSetDataType_Encoding_DefaultXml,15764,Object
